id,domain,status,purchase_price,renewal_price,attractiveness,demand,length,registrar,created_at,expires_at,status_verified_at
3228f0e8-ff30-413c-8bc4-87fc5a63b60f,captured.vet,available,41.99,41.99,medium,low,8,namesilo,,,27/09/2026 02:07
e97947eb-fdc2-4c10-b5a7-93987ec37525,plastered.vet,available,41.99,41.99,medium,low,9,namesilo,,,09/08/2026 15:43
d556186c-9108-4b82-be87-b8d6d54e4a0d,dishes.vet,available,41.99,41.99,medium,low,6,namesilo,,,27/09/2026 02:34
b59956b2-307a-4fa5-8fe7-50871b1c1095,changed.vet,available,41.99,41.99,high,low,7,namesilo,,,12/08/2026 01:53
299e237b-0dda-4e49-af0e-d14f326b5213,cowpens.vet,available,41.99,41.99,medium,low,7,namesilo,,,22/09/2026 14:56
b0bb4a24-c84e-40b4-ad2a-5ce30492a96d,archaic.vet,available,41.99,41.99,high,low,7,namesilo,,,
2aed1510-b11c-4f5d-9bcb-3b04bd808a2e,timbered.vet,available,41.99,41.99,medium,low,8,namesilo,,,11/09/2026 15:59
1e375a15-8d17-4dbc-bae3-7c2f3227b984,adornment.vet,available,41.99,41.99,high,low,9,namesilo,,,17/09/2026 09:46
43fb6421-40c9-45c3-ba39-23a1da85afe3,makings.vet,available,41.99,41.99,high,low,7,namesilo,,,20/09/2026 04:27
9debbf3e-e827-4f17-adb5-7402ae517356,apply.vet,available,41.99,41.99,high,low,5,namesilo,,,23/09/2026 08:15
e8d86ae7-9faf-4bd6-89a2-c5674717c7e1,banned.vet,available,41.99,41.99,medium,low,6,namesilo,,,08/08/2026 13:44
a645ac11-f076-4fae-a1b6-9dea47dc5f9e,leaded.vet,available,41.99,41.99,medium,low,6,namesilo,,,22/08/2026 21:42
1f057866-3245-4fe2-8996-1c561f27b4ff,bam.vet,available,43.98,52.98,high,low,3,namecheap,,,22/09/2026 00:34
011fdeb4-6d5f-4281-8dc4-c5de9ce8c225,hawk.vet,available,43.98,52.98,high,low,4,namecheap,,,28/09/2026 02:04
aca56217-f30d-49ff-a4ca-91172f9839e3,ripening.vet,available,41.99,41.99,high,low,8,namesilo,,,
40b29dc9-ea7f-40d5-ae62-72b09f4fb03c,uniting.vet,available,41.99,41.99,high,low,7,namesilo,,,18/09/2026 15:39
266dd005-f805-45a6-b2b5-b5b7e3e858e6,loveable.vet,available,41.99,41.99,high,low,8,namesilo,,,24/08/2026 10:07
83282f61-e757-4583-8e91-f4825a0a85ef,universe.vet,available,41.99,41.99,high,low,8,namesilo,,,
12ae0615-d2c7-4a48-bca6-637557a394ae,windmills.vet,available,41.99,41.99,medium,low,9,namesilo,,,20/09/2026 13:55
48034c2f-92f8-45e1-be94-adf4e69b031f,leering.vet,available,41.99,41.99,medium,low,7,namesilo,,,25/09/2026 05:58
854b634b-969d-4820-bb78-04418675aa14,stunted.vet,available,41.99,41.99,medium,low,7,namesilo,,,10/09/2026 23:04
b8479c40-84b6-47ed-91ae-a0bb5a816a93,barrie.vet,available,41.99,41.99,medium,low,6,namesilo,,,22/09/2026 08:37
217b09ed-5048-4de4-a36e-d477a0138b02,pillock.vet,available,41.99,41.99,low,low,7,namesilo,,,10/09/2026 23:13
2f202571-c856-47f3-b2bb-9ece61df9350,maria.vet,available,41.99,41.99,high,low,5,namesilo,,,24/09/2026 11:49
059dbd41-ac63-4a92-b043-bde7f0ae1b8f,bicycler.vet,available,41.99,41.99,medium,low,8,namesilo,,,23/09/2026 13:23
59d02e33-5e7d-45e6-a177-1038de2a9fd6,sectioned.vet,available,41.99,41.99,medium,low,9,namesilo,,,10/09/2026 01:20
051da2c5-49bd-4e92-a8df-6a4c6f59a523,manic.vet,available,41.99,41.99,medium,low,5,namesilo,,,18/08/2026 15:04
b7dbf227-2952-4f8d-9231-ddec1db3fd58,rewards.vet,available,41.99,41.99,high,low,7,namesilo,,,20/09/2026 02:14
fb6ea9c8-6f2a-4d1c-9ee7-42f24db23607,beleaguer.vet,available,41.99,41.99,medium,low,9,namesilo,,,21/09/2026 17:03
6f0890e9-1e7c-460a-a258-354edd7b60b7,esther.vet,available,41.99,41.99,high,low,6,namesilo,,,24/09/2026 06:50
f9cd686b-5078-4c5f-a0a9-554ec8b36acb,zoonotic.vet,available,41.99,41.99,high,low,8,namesilo,,,13/09/2026 15:35
627bbaa4-82ea-4778-be89-6dd81c7bd334,ingredient.vet,available,41.99,41.99,high,low,10,namesilo,,,24/09/2026 16:51
f5346995-80d9-48f3-86d9-d8971fd73e8b,tomboy.vet,available,50.99,,high,low,7,name.com,,,
771f06bf-6fda-476b-a963-869aa63df4c9,type.vet,available,41.99,41.99,high,low,4,namesilo,,,
80d37683-34e5-4d23-a0d2-549661ded75b,fraternal.vet,available,41.99,41.99,high,low,9,namesilo,,,10/08/2026 03:44
ca0fe8dd-62e6-4d92-a5dc-e40fe33b197d,alchemist.vet,available,41.99,41.99,high,low,9,namesilo,,,18/09/2026 03:58
85adc52b-8f0e-4974-8796-1e46f772202b,toy.vet,premium,78.54,78.54,high,low,3,namesilo,,,
5a28dcbe-0478-442b-b029-4fa9b418ff09,aggression.vet,available,41.99,41.99,medium,low,10,namesilo,,,17/09/2026 17:29
43b57050-3a8a-4053-a1d1-729edfdf6895,normandy.vet,available,41.99,41.99,medium,low,8,namesilo,,,
a736a0fc-6ba7-44ab-bf0e-79306cc8c687,bizet.vet,available,41.99,41.99,medium,low,5,namesilo,,,23/09/2026 23:23
0f071a84-06e6-4f67-8df0-bef42bbceb97,bulky.vet,available,41.99,41.99,medium,low,5,namesilo,,,23/09/2026 10:36
4fc6d354-5837-41fa-af65-25e651846265,speer.vet,available,41.99,41.99,high,low,5,namesilo,,,18/09/2026 02:44
8bd783c3-1ff2-41b7-9b3c-0cc51c0c20ca,airhead.vet,available,43.98,52.98,high,low,7,namecheap,,,17/09/2026 23:11
b49399e1-0b1b-4343-901c-6cad8627444c,calling.vet,available,41.99,41.99,high,low,7,namesilo,,,24/09/2026 11:48
ddb2d299-a4c8-4dcc-bad8-49a4b3187924,aphoristic.vet,available,41.99,41.99,medium,low,10,namesilo,,,05/08/2026 23:31
b79dd9ff-fc51-49d6-b078-57e89c66fb44,fourscore.vet,available,43.98,52.98,medium,low,9,namecheap,,,
9a83139b-b2b7-4085-b446-7937019e94bf,personable.vet,available,43.98,52.98,high,low,10,namecheap,,,08/09/2026 17:59
5cea41fc-cb92-4eaa-a9ed-3304cd7dcbf1,gladiolus.vet,available,41.99,41.99,high,low,9,namesilo,,,19/08/2026 00:06
db3eea36-2590-4ee4-a78a-4f009ed8f7a2,directive.vet,available,41.99,41.99,high,low,9,namesilo,,,14/08/2026 08:48
a7570d74-f98b-4132-aaf8-929812adb18f,seek.vet,available,41.99,41.99,high,low,4,namesilo,,,
144c10f9-04c1-4618-8718-d8d88bcb8861,alimony.vet,available,41.99,41.99,medium,low,7,namesilo,,,
38a2b309-e567-453e-a3dd-0d8af04f2e6b,reversely.vet,available,41.99,41.99,medium,low,9,namesilo,,,15/09/2026 23:37
ddd23af1-9116-4003-a669-9ec82a3b2b8f,muckle.vet,available,41.99,41.99,medium,low,6,namesilo,,,25/08/2026 00:34
fdfdfbab-6914-41a7-afda-ff28b59325a7,barrow.vet,available,43.98,52.98,medium,low,6,namecheap,,,22/09/2026 08:41
0706004d-4cf6-462d-a062-4991d6c80e1f,paying.vet,available,43.98,52.98,high,low,6,namecheap,,,24/09/2026 22:11
345c74ef-980b-4fc0-8bb2-45ae59c7151a,retrograde.vet,available,41.99,41.99,high,low,10,namesilo,,,09/09/2026 15:46
5161aaa5-fb0e-47f4-bc31-bd61a0bb4e79,dip.vet,available,41.99,41.99,high,low,3,namesilo,,,24/09/2026 10:33
345d16b3-2850-4be0-908c-855f59cd3df2,score.vet,available,41.99,41.99,high,low,5,namesilo,,,27/09/2026 18:29
6ada29fc-a3de-45a3-ba5c-5cea52b008f2,treated.vet,available,41.99,41.99,high,low,7,namesilo,,,11/09/2026 10:52
47133b70-0d44-4b00-93e8-d9d17b172f1c,kay.vet,available,41.99,41.99,high,low,3,namesilo,,,26/09/2026 00:52
5e05a560-7824-40b8-b1e9-3aaef710243a,browbeat.vet,available,41.99,41.99,medium,low,8,namesilo,,,11/08/2026 08:53
48cf14f8-c570-48fa-8685-048311ab2f69,disorganized.vet,available,41.99,41.99,medium,low,12,namesilo,,,
74cc9232-3221-444e-94c8-33745c6c2286,monarchal.vet,available,41.99,41.99,medium,low,9,namesilo,,,25/08/2026 04:07
33480f12-1edd-48f1-8690-dc133667b4d4,likely.vet,available,41.99,41.99,high,low,6,namesilo,,,25/09/2026 13:46
59c0052e-d025-457b-a60e-ab552119715c,oppressed.vet,available,41.99,41.99,medium,low,9,namesilo,,,04/09/2026 16:50
8071b159-a5aa-4345-b8c7-d48052f18001,searing.vet,available,41.99,41.99,medium,low,7,namesilo,,,10/09/2026 00:54
e03aa5bd-fdd5-4a05-a72e-04b6e8ce788f,banjul.vet,available,41.99,41.99,medium,low,6,namesilo,,,22/09/2026 02:12
6a6186ee-2213-433c-a8c1-c1cb523f871a,unrivaled.vet,available,41.99,41.99,high,low,9,namesilo,,,24/08/2026 17:06
bc6a9e2d-ced6-4cd9-bdab-90c775c4ad10,saman.vet,available,43.98,52.98,high,low,5,namecheap,,,18/09/2026 03:12
8385aa99-9212-41e2-90e8-f399949b496e,mazed.vet,available,41.99,41.99,medium,low,5,namesilo,,,07/08/2026 12:07
20966d13-d4bd-4b5a-b9b3-463746dad8cf,charged.vet,available,41.99,41.99,high,low,7,namesilo,,,12/08/2026 02:31
c2071690-50c8-47ed-8852-5f9d50688f78,disco.vet,available,41.99,41.99,high,low,5,namesilo,,,
a230b180-90d9-434c-8543-6ef911616484,bigarade.vet,available,41.99,41.99,medium,low,8,namesilo,,,23/09/2026 15:03
ef3b97ee-7cb9-4371-b349-f6f5c965ae3e,surround.vet,available,41.99,41.99,high,low,8,namesilo,,,24/09/2026 07:28
b10e9f8d-533b-48cb-8331-c2fe2e61bcf4,rico.vet,available,43.98,52.98,high,low,4,namecheap,,,19/09/2026 14:11
e858d70b-6e4b-44c6-b9b1-0beecffe51b6,parhelic.vet,available,41.99,41.99,medium,low,8,namesilo,,,08/09/2026 01:31
4554f776-3fec-40b9-8b32-065c155a8d51,projecting.vet,available,41.99,41.99,high,low,10,namesilo,,,22/08/2026 14:48
9285d26e-1a41-492e-90d9-455e07c5fb32,amusingly.vet,available,41.99,41.99,high,low,9,namesilo,,,13/09/2026 19:40
a3e3c8fe-8435-4966-9664-d192669d2a00,chasing.vet,available,41.99,41.99,high,low,7,namesilo,,,27/09/2026 06:54
8659a29b-d8bb-42a9-8470-f7c0df7ffd26,replacement.vet,available,41.99,41.99,high,low,11,namesilo,,,
2c5513fe-31e7-4f4f-8adf-b2d26bed4b9b,apostasy.vet,available,50.99,54.99,medium,low,8,name.com,,,19/09/2026 19:16
04aaa9f9-1a21-4e07-b605-c1a02230f801,funeral.vet,premium,118.8,118.8,high,low,7,namesilo,,,25/09/2026 22:54
dc46ca4c-1dae-460b-98f9-8689accf0c5e,bergson.vet,available,43.98,52.98,medium,low,7,namecheap,,,23/09/2026 09:22
3c2f7c65-3254-4009-b8db-fa8e370bad3f,southampton.vet,available,41.99,41.99,medium,low,11,namesilo,,,25/09/2026 14:27
04892052-9068-45a7-b63a-f543b5172434,upward.vet,available,41.99,41.99,high,low,6,namesilo,,,
f122f683-8591-4df6-8ab1-2696d6faf624,bilby.vet,available,41.99,41.99,medium,low,5,namesilo,,,23/09/2026 15:40
6afa06fc-6f8b-49a0-992b-32695829b717,untamed.vet,available,43.98,52.98,medium,low,7,namecheap,,,12/09/2026 20:55
d59784c6-11b6-4ed2-b0c8-5f3aa9031f93,hot.vet,premium,35.4,35.4,high,medium,3,namesilo,,,19/09/2026 15:25
5a921220-fcfb-4881-aa4a-e4c66902743b,spouse.vet,available,43.98,52.98,high,low,6,namecheap,,,23/09/2026 11:39
e9274dd9-8b3e-4d10-9285-8cd68b456f21,funfair.vet,available,43.98,52.98,high,low,7,namecheap,,,24/09/2026 16:14
90b3a8d4-015f-45ae-bf5c-5c040bc6dbbc,resolved.vet,available,41.99,41.99,high,low,8,namesilo,,,27/09/2026 12:25
785c85ee-1cb2-42c4-9829-005cb2e57a41,kenny.vet,available,43.98,52.98,medium,low,5,namecheap,,,26/09/2026 03:38
7c298fe8-ed9b-4ed9-af1e-b022136ef4a2,permitted.vet,available,41.99,41.99,high,low,9,namesilo,,,
81a93de9-5684-44eb-b833-730b394c7a46,streamers.vet,available,41.99,41.99,medium,low,9,namesilo,,,20/09/2026 01:44
82a2e65e-28b0-495e-94e1-a5cab31b12f2,marly.vet,available,41.99,41.99,medium,low,5,namesilo,,,24/08/2026 16:08
1dc62be9-aa6f-4105-bece-68bce9376e8b,aslant.vet,available,41.99,41.99,medium,low,6,namesilo,,,07/08/2026 03:56
1a3859c9-ed68-4a0b-a859-27759d9787eb,deciders.vet,available,41.99,41.99,medium,low,8,namesilo,,,20/09/2026 23:38
0a3fd22f-2fe3-4a9d-bc7f-4996d5102c8e,oriented.vet,available,41.99,41.99,high,low,8,namesilo,,,26/09/2026 00:29
d660582b-0c1b-4c43-8321-4f69e5e74945,exceed.vet,available,41.99,41.99,high,low,6,namesilo,,,11/09/2026 17:21
bee39e2a-cc67-46b8-8776-0fd5adf82a06,character.vet,available,50.99,54.99,high,low,9,name.com,,,24/09/2026 13:45
560267e2-ba79-42e0-81bb-4112d9f61ad2,trends.vet,available,43.98,52.98,high,low,6,namecheap,,,17/09/2026 19:12
c49224f6-7015-454c-b73a-37e20a221bba,ariadne.vet,available,41.99,41.99,high,low,7,namesilo,,,20/09/2026 05:09
9a2ea715-a92c-4d59-86aa-696c1cd39265,eruption.vet,available,41.99,41.99,high,low,8,namesilo,,,24/09/2026 15:18
c5575ba0-3646-415e-b461-8fd57698d81e,brady.vet,available,50.99,54.99,high,low,5,name.com,,,25/09/2026 02:15
63d34670-8fb4-4d38-be80-f5cda8763b73,spiritless.vet,available,41.99,41.99,medium,low,10,namesilo,,,10/09/2026 15:54
756355e8-6730-4ad9-9aaf-88066dd08df5,blasted.vet,available,41.99,41.99,medium,low,7,namesilo,,,10/08/2026 12:35
7a0eefb7-cc45-4350-9e0e-151b8f4b039a,aeneid.vet,available,41.99,41.99,medium,low,6,namesilo,,,17/09/2026 12:28
5b9c9f40-7643-4914-ba11-7d1d88c641d8,favors.vet,available,43.98,52.98,high,low,6,namecheap,,,18/09/2026 09:42
4b0e939c-cf8e-48d7-b17c-817c6f224b88,almaata.vet,available,41.99,41.99,medium,low,8,namesilo,,,18/09/2026 12:23
fa18815e-7328-4da9-bc26-44050d5a1fcf,iddm.vet,available,41.99,41.99,medium,low,4,namesilo,,,21/09/2026 06:41
a2e86873-331b-4879-8dcb-e5a2298085ef,mirrored.vet,available,41.99,41.99,high,low,8,namesilo,,,25/08/2026 01:11
86ebbfb2-7641-4148-b278-d37931a595eb,nonsteroid.vet,available,41.99,41.99,medium,low,10,namesilo,,,03/09/2026 20:43
f2f40033-dfe3-4a8a-a895-53ca5d0ff040,apian.vet,available,41.99,41.99,medium,low,5,namesilo,,,05/08/2026 23:47
e3c6c4b4-2adb-47ef-b9ad-a17138049abe,astatic.vet,available,41.99,41.99,medium,low,7,namesilo,,,07/08/2026 08:36
dedadf64-30e9-4ece-8085-61084aca9810,thinly.vet,available,41.99,41.99,medium,low,6,namesilo,,,11/09/2026 13:26
bc8d831d-8fca-4880-9541-df789646a21d,tartaric.vet,available,41.99,41.99,medium,low,8,namesilo,,,11/09/2026 08:48
5912f2ea-81c9-4156-a954-bcb78a4e13da,blamed.vet,available,41.99,41.99,medium,low,6,namesilo,,,10/08/2026 12:39
8dc236df-e73e-42c8-9720-454d8b25c418,textual.vet,available,41.99,41.99,high,low,7,namesilo,,,11/09/2026 12:20
16d6e269-26ce-468c-bd92-0df489d26c8a,niobium.vet,available,41.99,41.99,medium,low,7,namesilo,,,20/09/2026 23:04
e063ac13-e1e9-4bca-81d6-cb53cd9695cc,cuttable.vet,available,41.99,41.99,medium,low,8,namesilo,,,12/08/2026 04:30
02459483-bf26-4217-a67b-ccabc7ad4ddf,tragic.vet,available,41.99,41.99,high,low,6,namesilo,,,
8dd7d2d0-184e-469c-9156-b02f6faacc7b,hans.vet,available,,,high,low,4,,,,
cabc6489-e415-45b2-8794-37e8c09b6b7d,auspex.vet,available,41.99,41.99,medium,low,6,namesilo,,,21/09/2026 03:22
af91412d-1453-4865-abbb-e257dd3e98f0,stopped.vet,available,41.99,41.99,high,low,7,namesilo,,,28/09/2026 01:05
36a411e9-b12d-4480-b90f-78cb2905a12f,wondered.vet,available,41.99,41.99,high,low,8,namesilo,,,
7f1104a3-a8df-40d5-8894-d36dfee8eaa6,nomadic.vet,available,41.99,41.99,high,low,7,namesilo,,,25/08/2026 02:19
8745697b-65a2-401d-b4d7-7130d6b4b13e,nontoxic.vet,available,43.98,52.98,medium,low,8,namecheap,,,18/09/2026 21:11
88af1fe8-f7cc-44e7-82e4-246d2ba656d8,alarming.vet,available,41.99,41.99,medium,low,8,namesilo,,,
cd1bf758-c6ac-49e3-80dc-8a8508e16900,nail.vet,available,41.99,41.99,high,low,4,namesilo,,,21/09/2026 16:04
998b80f9-4e08-4821-8fa2-e23315ea9cd0,block.vet,available,41.99,41.99,high,low,5,namesilo,,,
1c7fde7c-310b-407f-bb1f-466cefaaca1f,lodged.vet,available,41.99,41.99,medium,low,6,namesilo,,,18/09/2026 14:44
1b980739-20b5-4685-95d3-b7dc8baeb209,sargent.vet,available,41.99,41.99,medium,low,7,namesilo,,,27/09/2026 04:36
8bd06e78-b106-495d-8ea0-080a817578cc,merciful.vet,available,41.99,41.99,high,low,8,namesilo,,,24/08/2026 20:34
7829c0e1-d385-4da0-aba6-35004b8e8234,studios.vet,available,43.98,52.98,medium,low,7,namecheap,,,18/09/2026 18:25
dd5c4164-f781-4274-9dc1-8f2bcf0ecb4f,baht.vet,available,41.99,41.99,medium,low,4,namesilo,,,21/09/2026 18:46
70c8844a-c781-4099-8ed2-852cda3f0f4c,sorcerous.vet,available,41.99,41.99,medium,low,9,namesilo,,,24/08/2026 13:00
476cf522-7081-4e08-9da0-a4cb9b83e923,palmar.vet,available,41.99,41.99,medium,low,6,namesilo,,,04/09/2026 23:58
c870d596-74e9-4aed-a5d8-e1d49a73cd00,faultless.vet,available,41.99,41.99,high,low,9,namesilo,,,18/08/2026 00:05
0ed7c378-9853-4f21-bcf4-cd553b08d8db,wikimedia.vet,available,,,high,high,9,,,,
cb77a183-17e4-4029-b800-60447ceebe2a,athar.vet,available,43.98,52.98,high,low,5,namecheap,,,20/09/2026 19:25
6ffabcd1-8246-4c27-babd-ef7f83e0fd17,apologist.vet,available,41.99,41.99,medium,low,9,namesilo,,,19/09/2026 18:45
2ceaba88-8f17-44f7-b24f-a508fa2df798,crucify.vet,available,43.98,52.98,medium,low,7,namecheap,,,14/08/2026 21:17
06950948-bfd0-47c4-b4b2-92ccc328afaa,colleague.vet,available,41.99,41.99,high,low,9,namesilo,,,24/09/2026 16:08
0097a585-6516-4af4-991d-3fb01ac5c27e,choosing.vet,available,32.2,32.2,high,low,8,cloudflare,,,28/09/2026 03:32
be1b42a9-a377-4d27-a149-9690b929c3b2,creatively.vet,available,50.99,,high,low,10,name.com,,,
fe38ccb7-df11-444a-b4f0-922b71f174ef,respected.vet,available,33.32,33.32,high,low,9,spaceship,,,27/09/2026 12:38
1e842616-1f74-4d81-b16d-612309387570,tame.vet,available,41.99,41.99,high,low,4,namesilo,,,11/09/2026 07:40
848df0b8-b03a-48ed-869e-bd6b8f479410,diatonic.vet,available,41.99,41.99,medium,low,8,namesilo,,,14/08/2026 06:21
c25e25ee-0ab0-4bfc-b08b-83e81384f233,finley.vet,available,33.32,33.32,high,low,6,spaceship,,,28/09/2026 04:02
e76643b5-c6ff-46e3-b8c5-d0c62969dd1d,advance.vet,available,43.98,52.98,high,low,7,namecheap,,,21/09/2026 20:22
4cf876bc-6048-4664-84eb-69df433f8f96,implicitly.vet,available,41.99,41.99,medium,low,10,namesilo,,,15/09/2026 02:29
3e2f91ff-9f2b-43c4-8fd7-d6f935f7c724,anaclitic.vet,available,41.99,41.99,medium,low,9,namesilo,,,
c8e37336-128c-4555-bc01-c5a34488c41f,holland.vet,premium,207.2,207.2,high,low,7,spaceship,,,28/09/2026 02:07
b00a7a67-cf5f-49e4-94c9-0d55624124c6,jackfruit.vet,available,43.98,52.98,high,low,9,namecheap,,,20/09/2026 11:58
1ef691ed-bed1-485c-ac3a-b10aa6a4164b,indisposed.vet,available,43.98,52.98,medium,low,10,namecheap,,,
3fdb67fa-e66e-40f1-a2e9-b6a2ededca3b,wilcox.vet,available,41.99,41.99,medium,low,6,namesilo,,,27/09/2026 01:45
e706bf5e-39a0-4c40-a896-00c48b279794,customs.vet,available,41.99,41.99,high,low,7,namesilo,,,24/09/2026 20:42
95370da1-c73f-4293-9cef-d75ba1af180a,arbitrarily.vet,available,50.99,,medium,low,11,name.com,,,
3e9def78-168d-4925-adc3-f341b41af796,sheep.vet,available,43.98,52.98,high,low,5,namecheap,,,25/09/2026 10:41
2192ec94-5fa1-4f56-b008-f8226b95fafc,layer.vet,available,41.99,41.99,high,low,5,namesilo,,,
7d9b79ca-ebbd-466e-8920-92b124a29423,halcyon.vet,available,41.99,41.99,high,low,7,namesilo,,,20/08/2026 22:20
9bf44b29-ca75-4682-9ec4-20cfaf421c6a,eats.vet,available,41.99,41.99,high,low,4,namesilo,,,24/09/2026 14:57
08b0a566-a510-42f5-aab9-1dfa582066db,inexpensive.vet,available,41.99,41.99,high,low,11,namesilo,,,
c1792822-46f9-4717-abcf-7b41a41d8ddc,listening.vet,available,41.99,41.99,high,low,9,namesilo,,,25/09/2026 09:00
84836de2-0590-4181-9d4c-53c7157c7149,knew.vet,available,41.99,41.99,medium,low,4,namesilo,,,
39a97867-4fdf-4ddb-bc6b-c0d0f22dd561,endurance.vet,available,41.99,41.99,high,low,9,namesilo,,,
0487c497-eaf0-47af-ac47-fac03b2159eb,tentative.vet,available,41.99,41.99,high,low,9,namesilo,,,27/09/2026 07:00
fc485832-0e3d-46ae-acd5-29a2897ac5aa,babu.vet,available,43.98,52.98,medium,low,4,namecheap,,,21/09/2026 12:51
313410d6-b17c-4391-b753-5a650e9fbf4c,thatch.vet,available,43.98,52.98,medium,low,6,namecheap,,,24/09/2026 02:04
49d66ad9-c640-44e4-a134-b2c1a5bbf848,wealthily.vet,available,41.99,41.99,medium,low,9,namesilo,,,16/09/2026 11:21
1ef23a36-0097-4b1d-b64e-fdcb0af04934,biweekly.vet,available,41.99,41.99,high,low,8,namesilo,,,10/08/2026 09:30
4996e4ff-5bae-4e12-a530-955862649fb8,ecommerce.vet,available,41.99,41.99,high,low,10,namesilo,,,
9698eb2b-fbfb-4bd8-95e4-4a780ec9fc95,comment.vet,available,41.99,41.99,high,low,7,namesilo,,,24/09/2026 16:29
a2e70d1c-bb08-493e-ba6c-0fb532ac5dbc,ming.vet,available,33.32,33.32,high,low,4,spaceship,,,28/09/2026 02:26
3568ff91-6854-455c-9eff-e2a95c39cff2,acceptable.vet,available,41.99,41.99,high,low,10,namesilo,,,21/09/2026 15:23
3c31e62d-3021-4c78-ada0-3ec6b4fe055a,inflamed.vet,available,41.99,41.99,medium,low,8,namesilo,,,22/08/2026 04:27
e59ebf0a-1b57-4a7a-b8f4-4a94ef60e928,silence.vet,available,43.98,52.98,high,low,7,namecheap,,,26/09/2026 00:17
2fde15b9-fdc4-4cd9-b365-3aa0c93de968,pliable.vet,available,41.99,41.99,medium,low,7,namesilo,,,19/09/2026 14:13
4ac7d893-01bb-45a4-9385-f5e2201fd8d5,contend.vet,available,41.99,41.99,high,low,7,namesilo,,,
4ce1b614-0e19-49c4-8e13-b07c76e4d34c,horrid.vet,available,41.99,41.99,medium,low,6,namesilo,,,21/08/2026 08:14
5f4f66b9-6950-44a5-baa7-4617c9aa4edb,starless.vet,available,43.98,52.98,medium,low,8,namecheap,,,10/09/2026 18:52
e7cf54b0-46c3-465d-83ce-0253f4aaa9e9,magnetised.vet,available,41.99,41.99,medium,low,10,namesilo,,,24/08/2026 13:06
66acfea3-d033-4a21-b2bd-c0cfa1f1f0db,lasting.vet,available,41.99,41.99,high,low,7,namesilo,,,24/09/2026 12:31
6658ede3-06d3-4b9b-85f4-3abb47cf2c45,candent.vet,available,41.99,41.99,medium,low,7,namesilo,,,11/08/2026 16:37
623a5b94-3797-448e-bcaf-306b1917e6a3,cowardly.vet,available,41.99,41.99,medium,low,8,namesilo,,,13/08/2026 04:07
47fe2a17-9fc7-460c-9bc6-24344102c7ca,narrowed.vet,available,41.99,41.99,medium,low,8,namesilo,,,03/09/2026 13:27
2f29e527-4d5b-40e7-a08c-8239f4afc7fa,asmera.vet,available,41.99,41.99,medium,low,6,namesilo,,,20/09/2026 14:30
500d2565-a92a-45d7-862a-5139d2f950c9,association.vet,available,33.32,33.32,high,low,11,spaceship,,,27/09/2026 21:32
95674b13-f1f2-4651-8b44-25ab84346f9e,airspeed.vet,available,41.99,41.99,high,low,8,namesilo,,,17/09/2026 23:22
a085d0b9-a313-4a2b-85a4-32f25850997c,flummox.vet,available,41.99,41.99,medium,low,7,namesilo,,,21/09/2026 17:31
bc6e26bf-bda9-4470-a9cd-930dfce6a2f5,abortion.vet,available,43.98,52.98,high,low,8,namecheap,,,16/09/2026 16:39
e12b0853-47d6-4060-93de-8a518d23d950,arguable.vet,available,41.99,41.99,medium,low,8,namesilo,,,06/08/2026 18:32
c6842ee9-58c8-4b55-81c3-ade0b3af9db9,contorted.vet,available,41.99,41.99,medium,low,9,namesilo,,,12/08/2026 23:22
0478249c-2f86-40f9-b982-6ac2f37f5834,vindictive.vet,available,41.99,41.99,medium,low,10,namesilo,,,14/08/2026 04:21
e51fbc2a-3f63-49c1-94bf-498ad87ca2e1,unisexual.vet,available,41.99,41.99,medium,low,9,namesilo,,,12/09/2026 13:54
e0958f64-d8f6-4339-a9ad-27a931bbe987,law.vet,premium,780,780,high,medium,3,namecheap,,,
d5dd7191-3eea-4ee1-a6e9-928af74ee945,insolent.vet,available,41.99,41.99,medium,low,8,namesilo,,,11/08/2026 02:56
cd518c3d-a261-4321-950e-9a175c83aa26,weighted.vet,available,41.99,41.99,high,low,8,namesilo,,,13/09/2026 10:08
cdb90468-4a4c-4875-b9c1-2a0cd0b24237,sixer.vet,available,41.99,41.99,medium,low,5,namesilo,,,
fb01cd90-8293-4e67-90bb-9d8d86f52938,noachian.vet,available,43.98,52.98,medium,low,8,namecheap,,,03/09/2026 17:58
d59d3be9-993d-4fd8-b3fb-299dcf0e977d,fayette.vet,available,32.2,32.2,medium,low,7,cloudflare,,,27/09/2026 20:20
960f84bb-fee1-403a-ac3a-4cf1489f458b,batfish.vet,available,43.98,52.98,medium,low,7,namecheap,,,22/09/2026 13:14
4e3e4c00-53bd-43c8-9d59-c8414c3c29c2,squabble.vet,available,43.98,52.98,medium,low,8,namecheap,,,23/09/2026 13:15
8c65f82c-2f89-45ce-b382-952638d28edf,ratios.vet,available,41.99,41.99,medium,low,6,namesilo,,,20/09/2026 23:23
b6af3bbd-30e5-4f5e-9415-3adc1256b78a,reinforced.vet,available,43.98,52.98,high,low,10,namecheap,,,23/09/2026 10:25
092b6424-bc06-49b0-b83f-4738ecbc020f,tries.vet,available,43.98,52.98,medium,low,5,namecheap,,,25/09/2026 19:53
b7d58180-d182-439a-be6f-3ef2cc817af0,thrashing.vet,available,41.99,41.99,medium,low,9,namesilo,,,13/09/2026 07:54
2e29a10d-72dc-4207-95d6-fdf8ff24451f,peaty.vet,available,41.99,41.99,medium,low,5,namesilo,,,08/09/2026 11:28
1ccc6b25-c6c4-4b53-b606-e6436af3ef65,things.vet,available,50.99,,high,low,6,name.com,,,
74ee78a9-9519-4623-9123-cf4c12349623,biryani.vet,available,41.99,41.99,high,low,7,namesilo,,,23/09/2026 20:44
11e85aeb-9081-4ebc-b181-3adce6533c4e,botchy.vet,available,43.98,52.98,medium,low,6,namecheap,,,10/08/2026 20:53
7fffeacc-e728-4e89-8e70-e96f225194df,vance.vet,available,41.99,41.99,high,low,5,namesilo,,,27/09/2026 03:12
1f1c00c3-7564-4b57-9173-6080c69642c4,xlvii.vet,available,41.99,41.99,medium,low,5,namesilo,,,
1feac10d-d504-453e-aa64-18c80a222fa8,victoria.vet,available,,,high,low,8,,,,
7f3a3600-69a1-43b7-ad6b-dd3db7a5b0e2,baud.vet,available,43.98,52.98,medium,low,4,namecheap,,,22/09/2026 16:32
eb20cbd4-75f4-4c6b-a5b5-9d1d68172953,stability.vet,available,41.99,41.99,high,low,9,namesilo,,,
eb102e19-9f58-498e-bf16-76e5d9aabff4,bandeau.vet,available,41.99,41.99,medium,low,7,namesilo,,,22/09/2026 01:04
b87c9d23-d25e-42d7-ba4d-d2d86d400c0e,responder.vet,available,41.99,41.99,high,low,9,namesilo,,,19/09/2026 12:12
1cf67632-4426-45e4-ab92-e42d75ba3af1,mightily.vet,available,41.99,41.99,medium,low,8,namesilo,,,24/08/2026 22:45
8ed6280e-5c97-4845-85b5-9218b9181955,isaiah.vet,available,41.99,41.99,high,low,6,namesilo,,,24/09/2026 06:53
d63e82e5-99e7-482c-b1c5-8a5e212e820c,mud.vet,available,41.99,41.99,high,low,3,namesilo,,,25/09/2026 09:31
245f0e94-d3c1-4c63-b7b8-9cc0e51c2e76,unafraid.vet,available,41.99,41.99,high,low,8,namesilo,,,10/09/2026 01:28
eee7994a-1ada-4a6e-97e7-668725cb145a,conduction.vet,available,41.99,41.99,high,low,10,namesilo,,,
29484d35-d47d-40ef-a961-7752c4ee0175,cory.vet,available,41.99,41.99,high,low,4,namesilo,,,27/09/2026 18:41
5e813ff5-f544-4015-ab7a-55d2293af22f,hexagonal.vet,available,41.99,41.99,medium,low,9,namesilo,,,21/08/2026 07:50
c73f0825-dcf9-4d90-b3b3-f2aec0e862f7,springbuck.vet,available,41.99,41.99,medium,low,10,namesilo,,,19/09/2026 14:19
b19d1454-5fa6-4532-8418-ffad7d85c7d2,pierced.vet,available,41.99,41.99,high,low,7,namesilo,,,08/09/2026 16:50
5cad2ad5-1e2c-4975-8b96-f05cda6eed79,chomsky.vet,available,41.99,41.99,medium,low,7,namesilo,,,16/09/2026 12:59
6e1f6bdf-6cb1-4aeb-9b32-c0cc3553c5be,meantime.vet,available,50.99,54.99,high,low,8,name.com,,,25/09/2026 10:12
44e105bf-222f-4e27-a648-edcd754f79ec,universities.vet,available,43.98,52.98,medium,low,12,namecheap,,,23/09/2026 19:40
6a063a7b-b9f4-4561-b9f8-6aa3da46e2e3,cuspid.vet,available,41.99,41.99,medium,low,6,namesilo,,,11/08/2026 17:03
d83e6d6a-ea99-412a-bfd1-d2c8be046b63,downing.vet,available,41.99,41.99,medium,low,7,namesilo,,,19/09/2026 04:46
8b5ab3bf-0a1c-4ca1-b88c-ae67aceaa250,coincident.vet,available,41.99,41.99,medium,low,10,namesilo,,,12/08/2026 13:18
ce8ad3f7-aace-4345-8441-7dc38fc19d9e,imitator.vet,available,41.99,41.99,medium,low,8,namesilo,,,19/09/2026 16:27
10282f9f-b276-4428-a763-5ebd20f9537b,wrinkle.vet,available,41.99,41.99,medium,low,7,namesilo,,,13/08/2026 07:11
2f4e5187-3a0f-4423-857b-b032eadc96ae,beveridge.vet,available,43.98,52.98,medium,low,9,namecheap,,,23/09/2026 12:04
c574ef86-153e-439e-8b90-87f7d9b76ee6,qualified.vet,premium,78.54,78.54,high,low,9,namesilo,,,14/08/2026 02:10
2e2366f1-bb92-49f5-b495-5db7d61034f0,washing.vet,available,41.99,41.99,high,low,7,namesilo,,,
6f9ed655-c2d0-427c-8fae-97d11b71ff58,overweight.vet,available,41.99,41.99,high,low,10,namesilo,,,18/08/2026 08:04
b6a475dd-35e3-4d85-91c7-700e4d949e18,guidance.vet,available,41.99,41.99,high,low,8,namesilo,,,24/09/2026 02:39
7f8bac10-5fa0-4aad-b028-a993110dfdf9,aleutian.vet,available,41.99,41.99,medium,low,8,namesilo,,,
6eca50ee-f096-45e2-bf5c-7c159f78eef8,sinusoidal.vet,available,41.99,41.99,high,low,10,namesilo,,,10/09/2026 08:42
352dbcd7-5119-4227-913e-0339c98648ca,concisely.vet,available,41.99,41.99,medium,low,9,namesilo,,,14/09/2026 08:10
8747798f-ab31-4e18-a423-6f0ec29e602e,ethnic.vet,available,41.99,41.99,high,low,6,namesilo,,,24/09/2026 15:23
187c1ef3-6374-46bf-95ab-3cfce6270b5c,stirred.vet,available,41.99,41.99,high,low,7,namesilo,,,25/08/2026 09:07
22b2d3cb-1a1f-4467-bbdc-d32850dd9ab6,accountancy.vet,available,41.99,41.99,high,low,11,namesilo,,,
db0023b9-fe6d-4f74-9584-308b5b283543,humdrum.vet,available,41.99,41.99,medium,low,7,namesilo,,,21/08/2026 15:05
4e413a2f-824e-4e2e-bdac-0b5c11f0ff2b,comb.vet,available,43.98,52.98,high,low,4,namecheap,,,24/09/2026 16:22
c622fc67-6ce8-4dcf-8286-59c4fd384882,reflex.vet,available,41.99,41.99,high,low,6,namesilo,,,27/09/2026 11:10
18e9a1b3-35d3-4168-9ad5-e5356d420515,cocktail.vet,available,41.99,41.99,high,low,8,namesilo,,,
219e6a89-947e-4c6d-afdc-a44085ed1159,dent.vet,available,41.99,41.99,high,low,4,namesilo,,,24/09/2026 21:54
f786d393-b7fa-4cf8-bab9-7a22e222b873,memorise.vet,available,41.99,41.99,high,low,8,namesilo,,,
1afadae0-8bbe-4f11-a660-3988afa60b3d,stonewalls.vet,available,41.99,41.99,low,low,10,namesilo,,,20/09/2026 14:03
149bcbd7-a4c6-4b4e-8f70-f278720f93bf,analogue.vet,available,41.99,41.99,high,low,8,namesilo,,,
985c0c38-8aa5-4555-99c3-62302f6c3976,pompous.vet,available,41.99,41.99,medium,low,7,namesilo,,,12/08/2026 00:37
da00b165-2745-4539-98b0-1d86bc465fc5,this.vet,available,41.99,41.99,high,medium,4,namesilo,,,
020ab713-5345-4bf1-a5a0-774a95fab8c4,vernacular.vet,available,41.99,41.99,high,low,10,namesilo,,,13/09/2026 04:07
fe5add97-5fc6-4398-965c-4a02e2f65f23,baic.vet,available,43.98,52.98,medium,low,4,namecheap,,,21/09/2026 18:51
c5cc378c-b7c5-42bd-95fe-283293ad2fb4,vexatious.vet,available,41.99,41.99,medium,low,9,namesilo,,,
2bdcfc7e-fad7-465b-a71d-c535f73c830b,anagoge.vet,available,43.98,52.98,medium,low,7,namecheap,,,19/09/2026 01:27
081b5ad4-b884-4ac6-a698-ac191823eec1,boob.vet,available,41.99,41.99,high,low,4,namesilo,,,
5fc3d50d-1ab1-4ce9-ad9e-839fdc504026,bonefish.vet,available,41.99,41.99,high,low,8,namesilo,,,18/09/2026 03:25
20ee5a09-af35-46fd-8259-563815a7883a,thousandth.vet,available,41.99,41.99,high,low,10,namesilo,,,
b29fb0ee-9c39-4039-a9fc-9be0f22746e4,lavish.vet,available,43.98,52.98,high,low,6,namecheap,,,22/08/2026 21:07
bb213ddb-196a-4df6-990c-7ba36d71e0bf,alnus.vet,available,41.99,41.99,medium,low,5,namesilo,,,18/09/2026 12:53
79804bc7-da0f-422c-b7f5-d662940ebe7e,photograph.vet,available,41.99,41.99,high,low,10,namesilo,,,26/09/2026 00:03
56271400-bd81-4bd5-83cd-d52b8b6740d3,specter.vet,available,41.99,41.99,high,low,7,namesilo,,,08/09/2026 18:41
a8186f83-3b0c-4007-ba4e-35bc8e2de526,unbeknown.vet,available,41.99,41.99,medium,low,9,namesilo,,,12/09/2026 01:47
55518d0f-5f18-4057-b2b3-15d2ac6eafd0,germanium.vet,available,41.99,41.99,medium,low,9,namesilo,,,20/09/2026 22:51
45650955-e594-42ee-9589-afb31dd41781,epical.vet,available,41.99,41.99,medium,low,6,namesilo,,,17/08/2026 10:29
cd5e8801-b9c7-4cc4-89d4-c8b7cb31e7b7,relied.vet,available,41.99,41.99,medium,low,6,namesilo,,,20/09/2026 05:00
31e7c78b-cc80-4080-8239-da0d933236ad,crybaby.vet,available,41.99,41.99,medium,low,7,namesilo,,,23/09/2026 06:47
53c78bee-4e60-4d41-b01c-08d32d2ceed6,squall.vet,available,50.99,,medium,low,6,name.com,,,
2e1046c5-f880-4ab4-99bf-b5e409e528cc,barleycorn.vet,available,43.98,52.98,medium,low,10,namecheap,,,22/09/2026 06:31
5151da2e-c3be-46af-8d41-047f0cdb1102,uneducated.vet,available,41.99,41.99,medium,low,10,namesilo,,,12/09/2026 08:53
e26d8142-dcf0-4faa-ac4c-f6c1e0a72632,quintet.vet,available,41.99,41.99,high,low,7,namesilo,,,
3c7ac253-404c-4a51-a131-883027a7f64e,tumid.vet,available,43.98,52.98,medium,low,5,namecheap,,,10/08/2026 18:05
ef6e370e-aad7-48de-895a-1a135e9b7687,shelters.vet,available,41.99,41.99,high,low,8,namesilo,,,20/09/2026 23:17
3ccd702c-8ea1-44c6-88a4-b7301ba01a04,mancunian.vet,available,41.99,41.99,medium,low,9,namesilo,,,24/08/2026 14:36
05b8e191-6c18-4d2f-9ac1-bd29df1f699a,unreached.vet,available,43.98,52.98,medium,low,9,namecheap,,,04/09/2026 18:48
53f64dd6-5625-4c1a-aae5-f7c24736900b,nauseous.vet,available,41.99,41.99,medium,low,8,namesilo,,,24/08/2026 08:24
a13a65ef-9eda-49f4-adf0-36123ddabb64,tell.vet,available,41.99,41.99,high,low,4,namesilo,,,
88837cfe-028c-4d1e-867a-3cc2b45ada82,topped.vet,available,43.98,52.98,medium,low,6,namecheap,,,11/09/2026 17:53
d55f092f-c03c-4c30-abd8-f9df8fbd92c6,buns.vet,available,41.99,41.99,medium,low,4,namesilo,,,09/08/2026 10:54
22d29975-d28c-4d95-ba85-f95dfa293f6b,ibn.vet,available,50.99,54.99,medium,low,3,name.com,,,25/09/2026 21:32
9fa99250-c12c-467e-b30b-4725cba47e6c,underside.vet,available,43.98,52.98,high,low,9,namecheap,,,10/08/2026 21:15
49d1adf8-e3aa-4a31-94f2-d78981cdeaa4,pouf.vet,available,41.99,41.99,medium,low,4,namesilo,,,09/09/2026 08:13
dacbe70d-2e90-4245-81dc-d75df62c273b,sheridan.vet,available,41.99,41.99,high,low,8,namesilo,,,25/09/2026 10:21
e2efcc0f-9ea1-4141-96ff-8646d3c4f9b6,advertisement.vet,available,41.99,41.99,high,low,13,namesilo,,,
dd309be8-3041-4984-89cd-e9f6dae2357e,acquirable.vet,available,41.99,41.99,medium,low,10,namesilo,,,
d21e9f34-7b2a-4c06-91d6-9c6da2d49dcd,anpu.vet,available,41.99,41.99,medium,low,4,namesilo,,,19/09/2026 11:59
0b9f0396-fff5-4ff4-ba71-d620a90208c2,omnivorous.vet,available,41.99,41.99,high,low,10,namesilo,,,04/09/2026 13:56
8db98b61-32c7-45e4-b3d6-7948e479ebce,enjoyment.vet,available,32.2,32.2,high,low,9,cloudflare,,,28/09/2026 02:34
fc79463b-3800-40a4-92a2-06b5a287d543,ardent.vet,available,41.99,41.99,high,low,6,namesilo,,,06/08/2026 16:11
58975ffc-d78e-41b0-baff-604cc7b9ec12,feature.vet,available,41.99,41.99,high,low,7,namesilo,,,23/09/2026 13:48
b39e0b31-300b-4bee-a392-e1623873b025,struggle.vet,available,41.99,41.99,high,low,8,namesilo,,,
10fda07f-5325-407e-98e2-1effcf020779,toklas.vet,available,41.99,41.99,medium,low,6,namesilo,,,18/09/2026 07:28
320f6873-8b60-468a-a267-e0e5881fe138,blackwash.vet,available,41.99,41.99,medium,low,9,namesilo,,,20/09/2026 15:47
0eea0a02-4f41-4490-a345-77fa98c01aff,blinking.vet,available,41.99,41.99,high,low,8,namesilo,,,22/09/2026 21:58
a24abd0f-6f51-4984-91f6-a716bea68dc2,armour.vet,available,41.99,41.99,medium,low,6,namesilo,,,20/09/2026 07:22
0bd41d6c-9f3e-4eb1-925d-d8f6f9603e7c,tomorrows.vet,available,41.99,41.99,medium,low,9,namesilo,,,21/09/2026 09:58
f53ea2ee-a121-4975-9eb0-e3b1fb52c4d6,northerly.vet,available,43.98,52.98,medium,low,9,namecheap,,,03/09/2026 21:23
507f5f43-92ae-4187-b347-fbfdd5a54034,offshore.vet,available,41.99,41.99,high,low,8,namesilo,,,04/09/2026 01:37
ef3a839b-f64a-43ea-a796-edf8058ab40c,amino.vet,available,43.98,52.98,high,low,5,namecheap,,,
6acae919-3bb9-4eff-b9d1-0c2c8f59f655,amonra.vet,available,43.98,52.98,medium,low,7,namecheap,,,18/09/2026 18:34
0dc7036a-cd03-4652-8121-d458722b077d,device.vet,available,41.99,41.99,high,low,6,namesilo,,,25/09/2026 03:49
d765fec9-fce3-49be-a03b-f3b15224b020,hindu.vet,premium,118.8,118.8,high,low,5,namesilo,,,21/08/2026 09:30
234c847b-cb8a-47e9-ad47-cbea32afa799,won.vet,available,41.99,41.99,high,low,3,namesilo,,,
02587de1-1dae-4d72-abc4-6a00eaef289d,auctioneer.vet,available,41.99,41.99,high,low,10,namesilo,,,21/09/2026 02:42
4333ead2-c240-4671-a6c7-007da390914b,obstructed.vet,available,41.99,41.99,medium,low,10,namesilo,,,04/09/2026 00:05
e8db21d2-e5b1-4441-beff-73b972b3b7c2,fairfax.vet,available,41.99,41.99,high,low,7,namesilo,,,25/09/2026 15:13
4748c7c5-9ee7-4ab8-9fbf-1cedf54808fd,snatcher.vet,available,41.99,41.99,medium,low,8,namesilo,,,16/09/2026 14:55
e9acf50d-43a3-463c-85bd-834f53c7a8fd,ballet.vet,available,41.99,41.99,high,low,6,namesilo,,,21/09/2026 22:51
39122661-aba3-4139-9b50-f8883637861a,obamacare.vet,available,41.99,41.99,medium,low,10,namesilo,,,
06ab12c5-836f-4bfa-a564-ced3d9455a25,endeavor.vet,available,43.98,52.98,high,low,8,namecheap,,,21/09/2026 01:15
72bb8806-8dc6-4e3c-8dde-df8323d51dd9,survived.vet,available,43.98,52.98,medium,low,8,namecheap,,,19/09/2026 19:18
0c7e9369-0bb6-4ff4-bc3d-ca23bd9bcee0,polyglot.vet,available,41.99,41.99,high,low,8,namesilo,,,08/09/2026 23:17
d8f961c0-9be0-4d60-950c-6c4e7b98a871,appear.vet,available,41.99,41.99,high,low,6,namesilo,,,
f1315ed7-d7c2-473a-8f7f-33c16d17105f,necessity.vet,available,50.99,54.99,high,low,9,name.com,,,24/09/2026 15:20
adb73a9c-d17d-4312-a9bf-40f225d020fb,autocracy.vet,available,41.99,41.99,medium,low,9,namesilo,,,21/09/2026 06:08
aa31a01a-7ebb-46e4-93cc-60f13ef4e53e,anatropous.vet,available,41.99,41.99,medium,low,10,namesilo,,,
1ccf237e-4757-4a35-939c-257fb63edf8e,fiscally.vet,available,41.99,41.99,medium,low,8,namesilo,,,14/09/2026 18:37
dba07097-576c-4828-9405-cbd121280983,divorcing.vet,available,41.99,41.99,low,low,9,namesilo,,,17/09/2026 22:37
b3ee1909-adf4-46f3-8872-ced23dc0b318,mentoring.vet,available,41.99,41.99,high,low,9,namesilo,,,26/09/2026 00:53
dd24c9c1-d934-4098-92ea-39b1171156ad,wrist.vet,available,41.99,41.99,high,low,5,namesilo,,,
ed7499d0-31bc-41f9-ab2f-f79f759c61cc,adjacent.vet,available,41.99,41.99,high,low,8,namesilo,,,
f27c9576-ce57-4ae2-bccc-a4409eb90d0a,vivid.vet,available,41.99,41.99,high,low,5,namesilo,,,25/09/2026 13:33
7aad70a0-0608-4c7b-9a0c-edcb3538fb60,amass.vet,available,41.99,41.99,medium,low,5,namesilo,,,12/08/2026 16:53
ed59050f-49de-41ac-a561-785a627ba592,mischief.vet,available,41.99,41.99,high,low,8,namesilo,,,21/09/2026 21:54
95f928db-c811-4122-a0f5-99ffb4d5289f,meaty.vet,available,41.99,41.99,high,low,5,namesilo,,,24/08/2026 18:35
07c3d92b-7434-44a5-90b5-21f4057d0d4a,flint.vet,available,41.99,41.99,high,low,5,namesilo,,,18/08/2026 08:20
b76f8b5e-a728-4970-90e0-137ebb56babc,minimums.vet,available,41.99,41.99,medium,low,8,namesilo,,,20/09/2026 08:36
8b1d5236-793e-4447-89a0-6c0502cc61b7,seagull.vet,available,41.99,41.99,high,low,7,namesilo,,,
ee425d84-50c8-4838-bdc4-cecbdd3c7646,burnham.vet,available,41.99,41.99,medium,low,7,namesilo,,,27/09/2026 03:24
10b14875-a964-4973-b707-86cb635d2066,stainable.vet,available,43.98,52.98,low,low,9,namecheap,,,10/09/2026 18:12
4fe77d65-b68e-4f91-a317-bac84088bfc5,catchy.vet,available,43.98,52.98,high,low,6,namecheap,,,11/08/2026 21:20
abd1bf78-9ca2-4d49-ae68-c766d81a6baf,forepart.vet,available,41.99,41.99,medium,low,8,namesilo,,,18/08/2026 16:13
5ec4540f-4bff-4c48-92b7-b654fd9e00d0,jeffrey.vet,available,41.99,41.99,high,low,7,namesilo,,,25/09/2026 13:36
5bc4a215-847c-4936-aaa8-cba33470ddb1,unco.vet,available,41.99,41.99,medium,low,4,namesilo,,,15/09/2026 23:08
7ad437c0-1715-4598-a9d9-c08a2c796381,wavering.vet,available,41.99,41.99,medium,low,8,namesilo,,,13/09/2026 00:41
4e7549ba-7a80-4f98-b0b5-66643fa177a8,benumb.vet,available,41.99,41.99,medium,low,6,namesilo,,,03/09/2026 22:47
93ccbbb9-ba2c-4818-85ac-ff33612e0265,koran.vet,available,41.99,41.99,high,low,5,namesilo,,,18/09/2026 01:04
3a7560a2-4af1-4e0b-beb9-7a121f83755f,spellbound.vet,available,41.99,41.99,high,low,10,namesilo,,,17/08/2026 22:54
31383ecb-1cdd-497e-be6f-dc5f1b17d01f,recognition.vet,available,41.99,41.99,high,low,11,namesilo,,,
0a244335-77d3-4c87-bff6-d071b2131e96,momently.vet,available,41.99,41.99,medium,low,8,namesilo,,,15/09/2026 15:21
24036144-4f86-4254-b631-55595edd5e54,auden.vet,available,43.98,52.98,medium,low,5,namecheap,,,21/09/2026 02:48
cc103072-16cc-4d44-8656-0b366a0f181a,back.vet,available,41.99,41.99,high,low,4,namesilo,,,22/09/2026 15:40
e0c32fe2-c2f6-4eb9-94c5-b42f116ceec5,brooklyn.vet,premium,1107,1107,high,low,8,namesilo,,,24/09/2026 10:45
07f3b76f-37f1-4b8d-b899-a7804df82dae,continent.vet,available,41.99,41.99,high,low,9,namesilo,,,11/08/2026 23:26
298578dd-9b3a-4fb0-b86f-54200dd588f8,consonant.vet,available,43.98,52.98,high,low,9,namecheap,,,12/08/2026 20:14
869c4b5d-de69-4c8a-996a-9580ebf87bc5,churchman.vet,available,41.99,41.99,high,low,9,namesilo,,,14/08/2026 23:29
96709a09-c20d-49de-aa06-7bce239161bb,involves.vet,available,41.99,41.99,medium,low,8,namesilo,,,19/09/2026 23:56
c3e45a51-a444-4197-804a-6940b692022d,textbook.vet,available,41.99,41.99,high,low,8,namesilo,,,23/09/2026 13:09
00fa416d-e18a-47bd-a1e4-4c3b81838ac4,recumbent.vet,available,41.99,41.99,medium,low,9,namesilo,,,
ed43e74d-bcf7-45ce-8f84-fbcce545481e,fusible.vet,available,43.98,52.98,medium,low,7,namecheap,,,18/08/2026 19:06
90cb45e9-36c7-4d91-bc8b-697c059be5bf,typing.vet,available,41.99,41.99,high,low,6,namesilo,,,
c82485ea-50b3-4a0f-b643-fa9032cd0c72,persistence.vet,available,41.99,41.99,high,low,11,namesilo,,,
8eee0c3b-0045-4467-9c01-7d251175f7eb,pied.vet,available,41.99,41.99,high,low,4,namesilo,,,03/09/2026 10:39
f4d93376-cf0b-4501-b2d5-8f2d83b0bb5e,unwelcome.vet,available,41.99,41.99,medium,low,9,namesilo,,,12/09/2026 22:38
58b19ce4-034b-4fdf-9582-966f4cf3e89c,ubiquitous.vet,available,41.99,41.99,high,low,10,namesilo,,,04/09/2026 13:54
e3d903c2-e9af-457c-8d26-9e9aa6f56393,neodymium.vet,available,41.99,41.99,medium,low,9,namesilo,,,20/09/2026 23:22
7b1fc97c-1d12-4760-900c-34f0557694e6,graciously.vet,available,41.99,41.99,high,low,10,namesilo,,,14/09/2026 21:58
28c17d47-4fa9-4f4c-b1a1-427c3c3290d8,balloonist.vet,available,41.99,41.99,medium,low,10,namesilo,,,21/09/2026 23:14
1680ac77-4f95-4a99-a7e8-2e7441350e2e,fink.vet,available,41.99,41.99,high,medium,4,namesilo,,,11/08/2026 16:11
d2e1360d-4993-4641-a2a9-ed5e4e25ba0b,peeved.vet,available,41.99,41.99,medium,low,6,namesilo,,,
86571b9a-414a-4e41-90bf-3b8c3ab40bc0,richness.vet,available,43.98,52.98,high,low,8,namecheap,,,17/09/2026 14:41
3c3cea3c-9dfb-4576-a525-6d7873d96853,emphasise.vet,available,41.99,41.99,high,low,9,namesilo,,,16/09/2026 21:53
5f9a821c-8c79-4334-826e-2c26ec368f7a,floaty.vet,available,41.99,41.99,high,low,6,namesilo,,,11/08/2026 10:08
5f248cbe-db87-4cb1-bee8-5a1fcf069111,echoic.vet,available,41.99,41.99,medium,low,6,namesilo,,,14/08/2026 23:34
93706f75-a929-4d08-a8ca-1eac97865f68,story.vet,available,41.99,41.99,high,medium,5,namesilo,,,25/09/2026 22:53
4fd0747a-8acc-433c-883e-f40e169879c7,muscovite.vet,available,41.99,41.99,medium,low,9,namesilo,,,03/09/2026 11:26
75ecaf87-8030-47ca-aada-0fda6688c804,ardeidae.vet,available,41.99,41.99,medium,low,8,namesilo,,,20/09/2026 03:06
31a31ae9-b855-4b44-945d-3a26a1fcc6fd,gaseous.vet,available,43.98,52.98,medium,low,7,namecheap,,,18/08/2026 20:25
a071de67-5146-4af1-b6ea-09a447ec6fda,unanimous.vet,available,41.99,41.99,high,low,9,namesilo,,,12/08/2026 22:33
8781abb5-9e0b-4847-a2be-485aa3ce1737,briefly.vet,available,41.99,41.99,high,low,7,namesilo,,,
5d855431-e056-493c-bf0a-a3a1e117e586,piper.vet,available,41.99,41.99,high,low,5,namesilo,,,
7cbef0e2-62d0-4773-9183-325b2a15545b,mineral.vet,available,41.99,41.99,high,low,7,namesilo,,,08/09/2026 16:39
cc2e76e8-6134-4261-9f7f-661a0db4fd90,checked.vet,available,41.99,41.99,high,low,7,namesilo,,,12/08/2026 03:36
1983811c-89cc-44d8-ba84-9165c4cecf29,calculations.vet,available,41.99,41.99,medium,low,12,namesilo,,,17/09/2026 02:07
95937de4-4cff-4ffb-8ae1-55abb0e70b36,trey.vet,available,41.99,41.99,high,low,4,namesilo,,,
68725dae-0c32-4416-8630-4dc96da9e96e,thumping.vet,available,41.99,41.99,high,low,8,namesilo,,,08/08/2026 13:08
0ee367e1-b305-4de4-86eb-040287d54f78,exponent.vet,available,50.99,54.99,high,low,8,name.com,,,17/09/2026 11:51
307212a9-b8d3-45fa-bda4-87270d741ef3,hull.vet,available,69.99,69.99,high,low,4,godaddy,,,28/09/2026 01:42
1b5d68e6-e8fd-4d30-856b-882324da5ca6,blackness.vet,available,41.99,41.99,medium,low,9,namesilo,,,10/08/2026 10:54
3a5958b6-175c-4fcc-a6af-67f88d64d3ac,natal.vet,available,41.99,41.99,medium,low,5,namesilo,,,03/09/2026 13:37
3f1b9fad-f9f6-419f-8d60-d48aaebb4abb,keys.vet,available,41.99,41.99,high,medium,4,namesilo,,,
3a82609e-8b12-4b9b-8a15-5d43e8de2f36,dutiful.vet,available,41.99,41.99,high,low,7,namesilo,,,14/08/2026 21:39
9f48ca6e-1d58-40ef-8cb9-724892483ace,carl.vet,available,43.98,52.98,high,medium,4,namecheap,,,25/09/2026 11:30
f8a95208-d767-40c0-82a4-5885e138ba55,cocksure.vet,available,41.99,41.99,medium,low,8,namesilo,,,12/08/2026 15:00
4e210c55-fd8f-44a8-b4e7-c2507d32a0ff,curable.vet,available,41.99,41.99,high,low,7,namesilo,,,13/08/2026 10:59
ea207184-5c7e-45ae-9407-987ffe857e1f,majestic.vet,available,41.99,41.99,high,low,8,namesilo,,,25/09/2026 16:12
d5d4e75a-69cb-494c-bcc4-0647761f423e,generated.vet,available,43.98,52.98,medium,low,9,namecheap,,,19/09/2026 12:09
e425c0d7-8b5b-4901-9695-afdce4c09a35,munition.vet,available,41.99,41.99,medium,low,8,namesilo,,,20/09/2026 07:44
bd368380-124c-4252-9333-8235a80dd400,melissa.vet,available,41.99,41.99,high,low,7,namesilo,,,27/09/2026 04:11
4c9eb64b-e511-4b7e-8723-5d138c2e30eb,hand.vet,available,50.99,,high,low,4,name.com,,,
f556f0b8-b019-442d-a6e1-ce7779cf51a1,midwestern.vet,available,41.99,41.99,high,low,10,namesilo,,,24/08/2026 22:41
53cc99fd-2d3e-4abe-b45e-76deee317d91,msg.vet,available,50.99,,high,low,3,name.com,,,
899587c0-94ee-4c4c-bd81-6b061e00b177,hanukkah.vet,available,41.99,41.99,high,low,8,namesilo,,,
4f0d6d72-94d2-4d2d-a44d-be11fc41dabd,uncontrollable.vet,available,41.99,41.99,medium,low,14,namesilo,,,
11ac7d89-1bcc-4e35-8b53-7bad0efae57b,decayed.vet,available,43.98,52.98,medium,low,7,namecheap,,,13/08/2026 20:59
b9582e3e-803b-40e9-804f-763e5d741739,civilian.vet,available,41.99,41.99,high,low,8,namesilo,,,12/08/2026 09:04
21d96539-cb5f-4ba1-8797-6505d8f3d733,anatomical.vet,available,41.99,41.99,medium,low,10,namesilo,,,
b3a20a82-647d-4498-b442-8d0dd6d31686,ourselves.vet,available,41.99,41.99,medium,low,9,namesilo,,,27/09/2026 08:55
1c7bf6c5-800a-405e-a2b4-7c8fe802faf8,multiphase.vet,available,41.99,41.99,medium,low,10,namesilo,,,03/09/2026 10:50
c3f14651-3349-40df-8875-760fa0a953d6,bentham.vet,available,41.99,41.99,medium,low,7,namesilo,,,23/09/2026 08:40
e1b5c521-2e87-4dae-8b05-0bce4ca2e360,continents.vet,available,43.98,52.98,medium,low,10,namecheap,,,18/09/2026 12:00
a21370cd-93b2-47e0-9879-93a1978e1dcb,bequest.vet,available,41.99,41.99,high,low,7,namesilo,,,23/09/2026 09:04
7ca93b84-bc3e-4528-9bce-2ff00a0de947,cimarron.vet,available,41.99,41.99,high,low,8,namesilo,,,23/09/2026 15:12
cbab2303-bc19-480e-8f51-9124a536a28e,governance.vet,available,43.98,52.98,high,low,10,namecheap,,,20/08/2026 17:22
6fdfa76a-d251-41b8-9849-393eb1587fe4,mantra.vet,available,50.99,,high,low,6,name.com,,,
3cbf786e-6d72-4e89-9dce-949a44e224e7,demise.vet,available,41.99,41.99,medium,low,6,namesilo,,,14/08/2026 21:56
32263858-5705-4d78-89c6-0009c83975da,pregnancy.vet,available,33.32,33.32,high,low,9,spaceship,,,28/09/2026 02:22
6e10ae2f-5037-4f92-93a5-dc0f17484832,repulsive.vet,available,41.99,41.99,medium,low,9,namesilo,,,
3f491673-ca1a-4096-8821-e15cd21aa4cf,labour.vet,available,50.99,,high,low,6,name.com,,,
cdc65756-e73a-4f1f-9b58-9b2b59a7b2ba,stakes.vet,available,41.99,41.99,high,low,6,namesilo,,,23/09/2026 10:49
9b57b8e2-4fc0-42d6-9004-7b75a6a30f5c,preacher.vet,available,32.2,32.2,high,low,8,cloudflare,,,27/09/2026 15:23
649e4e48-d30a-4b9f-87a8-9edaff2b15c9,hermetic.vet,available,41.99,41.99,medium,low,8,namesilo,,,21/08/2026 07:10
4b8783cd-5b0d-4a2c-8513-26cf70afebfc,convene.vet,available,41.99,41.99,high,low,7,namesilo,,,
02aeab9f-93d8-4a80-95bd-4353527c4a2e,anuria.vet,available,41.99,41.99,medium,low,6,namesilo,,,19/09/2026 15:55
8234d29b-bea2-4409-994f-a037b036b1ca,shawn.vet,available,41.99,41.99,high,low,5,namesilo,,,27/09/2026 15:48
00151869-510a-4e1f-8906-deb144e680cd,lagos.vet,premium,108.9,108.9,high,low,5,dynadot,,,27/09/2026 14:38
054b1f82-f29c-4dd3-8a85-8afd5115f635,aspic.vet,available,43.98,52.98,medium,low,5,namecheap,,,20/09/2026 15:11
96eb5027-d5d7-491f-a58d-e76064c044b9,hyaloid.vet,available,41.99,41.99,medium,low,7,namesilo,,,21/08/2026 16:08
6b71490d-1aa6-4e73-9bee-4c82c3616ce0,woody.vet,available,41.99,41.99,high,low,5,namesilo,,,06/08/2026 13:08
738e4338-ece9-45a2-bd38-620c9fc77870,philips.vet,available,,,high,medium,7,,,,
cb5e9bc0-8378-434d-aaa8-06468ac57357,aquanaut.vet,available,41.99,41.99,medium,low,8,namesilo,,,19/09/2026 22:57
c6010804-7caa-44b7-b283-3ca2c7b66a94,atonia.vet,available,43.98,52.98,medium,low,6,namecheap,,,19/09/2026 00:37
9fe88571-903a-4d57-934d-962b7f5afe55,chamber.vet,available,41.99,41.99,high,low,7,namesilo,,,22/09/2026 23:10
0f9f5ee7-1515-4842-b16f-02e8d9c0c0ae,abnaki.vet,available,41.99,41.99,medium,low,6,namesilo,,,
dd1941d7-7811-4b68-85af-bb14e54ef0d3,congruent.vet,available,41.99,41.99,high,low,9,namesilo,,,12/08/2026 21:57
2fb3beb0-b28f-433a-8be8-0a9c0450af8f,circus.vet,available,41.99,41.99,high,low,6,namesilo,,,
6871af02-110a-453e-9274-ba016e9481f9,aquaphobia.vet,available,41.99,41.99,medium,low,10,namesilo,,,19/09/2026 22:59
12ab4e4d-5459-4560-b708-db15a0b60b0a,sherwood.vet,available,41.99,41.99,high,low,8,namesilo,,,25/09/2026 10:26
a4ec4b28-f726-4245-806f-8d3685888ce3,pieces.vet,available,43.98,52.98,medium,low,6,namecheap,,,17/09/2026 19:58
ba790dff-158a-4aa9-89c6-5311f3c8b206,bargain.vet,available,41.99,41.99,high,low,7,namesilo,,,
55ad686a-b583-49c6-b41f-e7e79743f17e,jokes.vet,available,41.99,41.99,high,low,5,namesilo,,,25/09/2026 11:35
5b517c02-9375-4117-bb30-2fe8215eba5e,virginia.vet,premium,1107,1107,high,low,8,namesilo,,,25/09/2026 09:38
fc618097-df98-4171-b9dd-c58573a4776f,withdrawn.vet,available,41.99,41.99,medium,low,9,namesilo,,,22/08/2026 03:25
b8aac1da-ca4f-4be0-a521-9fff777bab70,disease.vet,available,41.99,41.99,high,low,7,namesilo,,,
3067c0c9-e7b2-4a9b-8a8a-5c666f68d149,mocking.vet,available,41.99,41.99,medium,low,7,namesilo,,,14/08/2026 02:52
2917442e-9b0d-43b2-a7cd-b9881a8acc14,sleeveless.vet,available,41.99,41.99,medium,low,10,namesilo,,,10/08/2026 19:41
c14ecf57-bb75-4ee4-b00c-b5a930023343,tubed.vet,available,43.98,52.98,medium,low,5,namecheap,,,11/09/2026 20:56
bf92ad3a-c3e6-471d-9c23-34b885dbfbfa,sniff.vet,available,41.99,41.99,high,low,5,namesilo,,,
c382bfe0-6802-4631-8ba5-bf1d9fa01164,acardia.vet,available,43.98,52.98,medium,low,7,namecheap,,,16/09/2026 21:17
4c2af0f7-8304-4433-a07e-3cbf2e76e213,alarmism.vet,available,41.99,41.99,medium,low,8,namesilo,,,18/09/2026 01:58
4216a12c-3ddb-4512-8046-23ab6ec0685e,sumptuary.vet,available,41.99,41.99,medium,low,9,namesilo,,,11/09/2026 01:40
61a92b8a-684d-40e4-9b71-42a46ef936dc,sonora.vet,available,41.99,41.99,high,low,6,namesilo,,,27/09/2026 04:12
ff353022-d37b-4ae3-b3bc-246c54bf5f3a,bridgeable.vet,available,41.99,41.99,medium,low,10,namesilo,,,11/08/2026 04:00
eb3c0e59-e6ea-463d-b46f-830ea77e594d,algometric.vet,available,41.99,41.99,medium,low,10,namesilo,,,
6ec0e33c-4a67-42df-9b0d-ebb42316308c,releasing.vet,available,41.99,41.99,high,low,9,namesilo,,,09/09/2026 13:32
be32bd97-4910-42b6-8fa9-b8dba7a9f159,bitstock.vet,available,41.99,41.99,medium,low,8,namesilo,,,23/09/2026 22:47
3dffa65c-2cf7-424d-887c-1812cb2b56be,nightfall.vet,available,41.99,41.99,high,low,9,namesilo,,,11/09/2026 21:44
3109444c-71c5-48d3-9a83-2f636675787a,cxxx.vet,available,,,high,low,4,,,,
324b1349-a055-4c95-b845-89670aa68a1a,composing.vet,available,41.99,41.99,high,low,9,namesilo,,,24/09/2026 16:54
c467bbae-6813-44e1-a286-146bfe8633ac,erroneous.vet,available,41.99,41.99,medium,low,9,namesilo,,,17/08/2026 12:56
f8d9ba13-0f1d-4aa8-a413-79ab4895a7ab,hugh.vet,available,33.32,33.32,high,low,4,spaceship,,,28/09/2026 03:49
5bb09590-35c3-4c53-84d0-8ea3ccfa55c3,swap.vet,available,41.99,41.99,high,low,4,namesilo,,,
0004161b-275c-407d-97b7-6db1c8e586dd,collecting.vet,available,41.99,41.99,high,low,10,namesilo,,,20/09/2026 16:02
8fdfd0d0-796e-4d6d-b5a6-f4a9c05f87c9,clothe.vet,available,43.98,52.98,high,low,6,namecheap,,,19/09/2026 19:51
25df213d-00f2-4f30-bcb8-19f8c2c47d5b,coolly.vet,available,41.99,41.99,medium,low,6,namesilo,,,
7f2d7070-a1a8-46a2-a774-43806d02b0a3,troth.vet,available,41.99,41.99,medium,low,5,namesilo,,,23/09/2026 11:35
025ef8d9-8cd6-4f35-ad31-da43a4cf0eed,tahitian.vet,available,41.99,41.99,high,low,8,namesilo,,,11/09/2026 07:06
2fc4d617-d733-44b6-9693-b9b321f59dea,billboard.vet,available,41.99,41.99,high,low,9,namesilo,,,
330a894e-c24d-4166-8165-9a1d0c3a5b9e,accurate.vet,available,41.99,41.99,high,low,8,namesilo,,,21/09/2026 15:59
5c2f3369-1115-4815-a616-b78a2ed0ec93,fourthly.vet,available,41.99,41.99,medium,low,8,namesilo,,,18/08/2026 13:50
7507560f-3b44-48a4-9f5c-c5de93c3f9e4,breastfeeding.vet,available,43.98,52.98,high,low,13,namecheap,,,17/09/2026 08:35
de8a821a-b95d-48a2-9a8d-27762e59d0b3,erwin.vet,available,43.98,52.98,high,low,5,namecheap,,,27/09/2026 01:41
979fc8cb-b0bf-4d21-b9eb-f4425539c29b,management.vet,available,41.99,41.99,high,low,10,namesilo,,,19/09/2026 14:24
88dad54d-2df1-41af-bb7c-3e974a431924,shunning.vet,available,41.99,41.99,medium,low,8,namesilo,,,21/09/2026 09:50
9aad8848-1239-48bb-b7ee-2944aeca0172,suntan.vet,available,41.99,41.99,high,low,6,namesilo,,,11/09/2026 07:52
a640d13a-71d4-402a-8d19-4f58ba1c5668,forested.vet,available,41.99,41.99,high,low,8,namesilo,,,18/08/2026 11:43
e462841e-92da-47d3-b8ad-e47b9c824668,adhocracy.vet,available,41.99,41.99,medium,low,9,namesilo,,,17/09/2026 08:02
e3b46c71-cff5-42ee-9650-c97818ae64cf,sot.vet,available,43.98,52.98,medium,low,3,namecheap,,,14/08/2026 20:22
f7b746f3-2f9d-41cb-af57-f185fa618b98,sensual.vet,available,41.99,41.99,high,low,7,namesilo,,,22/09/2026 04:34
12b65e91-dd8e-4a05-a17b-cfd84ab4e267,affidavit.vet,available,41.99,41.99,high,low,9,namesilo,,,
8519fd6a-a413-4067-9036-634f3fa7d474,piles.vet,available,41.99,41.99,high,low,5,namesilo,,,14/09/2026 23:21
60b0a48f-3181-48e1-85e2-25769b12e3dd,overland.vet,available,43.98,52.98,high,low,8,namecheap,,,04/09/2026 20:56
35a44810-1caa-40ab-943b-82e8c03a333a,unfretted.vet,available,41.99,41.99,medium,low,9,namesilo,,,12/09/2026 10:45
792fdcf6-7bf7-402c-8651-88ee4977b0fd,copperhead.vet,available,43.98,52.98,medium,low,10,namecheap,,,17/09/2026 18:16
7261f4f1-c178-4b39-9bcb-8bc1d1d24200,memo.vet,available,43.98,52.98,high,low,4,namecheap,,,28/09/2026 02:24
a9e6646f-6f4c-485f-bf0e-7aa86fd9c55c,antonius.vet,available,43.98,52.98,medium,low,8,namecheap,,,19/09/2026 13:34
8907f24d-3277-4600-9816-d323accfeb3e,teens.vet,available,41.99,41.99,high,low,5,namesilo,,,
44ad8e51-53fa-4dc1-94ef-6353f8e56324,afrl.vet,available,43.98,52.98,medium,low,4,namecheap,,,17/09/2026 15:27
f3817008-da78-428a-a393-f66efed8f023,leia.vet,available,41.99,41.99,high,low,4,namesilo,,,
a5d7fd7b-0dd7-4da4-bbe8-65c926eb9a57,enter.vet,available,41.99,41.99,high,low,5,namesilo,,,
1a5f9cec-8dd0-43e4-9c33-f0983183fd42,abrasive.vet,available,41.99,41.99,high,low,8,namesilo,,,
3d65f5af-f478-4af2-9e2c-368342ff0a29,stripped.vet,available,41.99,41.99,medium,low,8,namesilo,,,10/09/2026 22:48
740e29b6-8a62-4cd4-9f4e-343566e48c5f,communicate.vet,available,41.99,41.99,high,low,11,namesilo,,,
45f73dde-2ea3-4187-aa80-a8a95cf6cb8f,decides.vet,available,41.99,41.99,medium,low,7,namesilo,,,20/09/2026 06:39
47dee656-6bdd-47a0-98b3-5b30f045b553,outraged.vet,available,41.99,41.99,medium,low,8,namesilo,,,22/08/2026 01:03
bf2ad31a-76f4-45f4-aba4-20ad62c557b9,injure.vet,available,41.99,41.99,high,low,6,namesilo,,,
b79f67f1-400f-4106-94ff-a421e48998d2,try.vet,available,41.99,41.99,high,low,3,namesilo,,,
51bbd293-61b3-4c56-a26a-c2373d1ed93e,remaining.vet,available,41.99,41.99,high,low,9,namesilo,,,22/08/2026 22:43
538c0c56-53d7-44cd-8d2f-8060004a45d8,decrepit.vet,available,41.99,41.99,medium,low,8,namesilo,,,13/08/2026 05:40
44ee21a9-0d31-4155-abff-bf6f8697671f,penis.vet,available,41.99,41.99,high,low,5,namesilo,,,
49a57a78-f669-461f-bb51-54decdf812dc,intimately.vet,available,41.99,41.99,medium,low,10,namesilo,,,15/09/2026 09:03
adff222a-5b73-4d5c-9f7c-80e8b087305c,niffy.vet,available,41.99,41.99,low,low,5,namesilo,,,03/09/2026 17:10
b38fcbb1-4e0e-4a90-b1ce-076ff18bbef5,leathery.vet,available,41.99,41.99,medium,low,8,namesilo,,,13/08/2026 01:13
3b2b5fa9-d34c-4c51-a8d1-fe4653eb07a2,plentitude.vet,available,43.98,52.98,medium,low,10,namecheap,,,15/09/2026 20:35
365ceb63-d4d0-479c-a930-a17a8e3c89a0,pallid.vet,available,41.99,41.99,medium,low,6,namesilo,,,04/09/2026 23:51
24e1bd25-be69-4749-9526-26d25086be98,visit.vet,premium,260,260,high,low,5,namecheap,,,24/09/2026 13:53
a3101972-6666-4fc7-8296-c8d6a1613fe0,cent.vet,available,41.99,41.99,high,low,4,namesilo,,,08/09/2026 08:07
cbb9b240-4b9c-4d3a-b7f9-f1cc9119be95,plaster.vet,available,43.98,52.98,medium,low,7,namecheap,,,17/09/2026 07:59
d45a92e9-8f7d-405b-a985-9a02a77c249b,skeletal.vet,available,43.98,52.98,high,low,8,namecheap,,,10/08/2026 19:00
3879adac-80c8-4eb8-ae9d-9e9151e3d8d0,dinnertime.vet,available,41.99,41.99,high,low,10,namesilo,,,24/09/2026 22:22
e5be3a44-9158-4fdc-b7a4-e8b91e5fb78f,bellyache.vet,available,41.99,41.99,medium,low,9,namesilo,,,23/09/2026 00:26
ed3d15e3-9d96-4b1e-9ff3-f006844bacd0,aeolus.vet,available,41.99,41.99,medium,low,6,namesilo,,,17/09/2026 12:36
8d863ae1-9a64-4908-bab7-85678758ed0a,cashier.vet,available,43.98,52.98,high,low,7,namecheap,,,22/09/2026 02:24
33b79b2b-e707-46ac-9001-1a2873bd417a,vocative.vet,available,41.99,41.99,medium,low,8,namesilo,,,13/09/2026 06:31
c3208c46-382b-4b88-b4cf-c55879543b99,ataxic.vet,available,41.99,41.99,medium,low,6,namesilo,,,07/08/2026 12:32
9327a29e-6a75-467f-a49a-a41fbe72e9bc,squashed.vet,available,41.99,41.99,medium,low,8,namesilo,,,10/09/2026 17:31
51e8ee0a-0723-4980-bae2-3503d5650978,randall.vet,available,41.99,41.99,high,low,7,namesilo,,,28/09/2026 04:02
323aa3a5-8be7-42ac-827e-e541c4ce1c67,aconcagua.vet,available,41.99,41.99,medium,low,9,namesilo,,,17/09/2026 02:04
7bf55bbd-ad7d-422f-9baf-d617b635d03b,conjoined.vet,available,41.99,41.99,medium,low,9,namesilo,,,12/08/2026 22:03
03eec78c-da4c-4588-99a3-4c6bd4ee41e8,abnormally.vet,available,41.99,41.99,medium,low,10,namesilo,,,13/09/2026 16:24
9b2e6708-2376-43e8-9134-bcb6dd30bbb8,suchlike.vet,available,41.99,41.99,medium,low,8,namesilo,,,11/09/2026 01:00
e446a13b-a042-462b-b1b7-f2c7d5847ea7,unrelated.vet,available,43.98,52.98,medium,low,9,namecheap,,,12/09/2026 18:04
819a982c-a728-4279-9430-2bec66ce6dd7,clash.vet,available,41.99,41.99,high,low,5,namesilo,,,
3b88319e-62af-4cc1-9f98-07b617f77eda,toys.vet,premium,118.8,118.8,high,low,4,namesilo,,,20/09/2026 06:04
038eee37-035e-432e-96c9-c31fbd1f908d,troubles.vet,available,43.98,52.98,medium,low,8,namecheap,,,27/09/2026 02:38
fc45aff5-7e50-4d07-a7f0-41f8a3ead330,fears.vet,available,43.98,52.98,medium,low,5,namecheap,,,27/09/2026 08:58
b5db07f5-86ec-4d14-8c20-69cbf48e8778,forthright.vet,available,41.99,41.99,high,low,10,namesilo,,,11/08/2026 16:42
124adff9-b9c0-4e87-86ab-78641288d396,agelong.vet,available,41.99,41.99,medium,low,7,namesilo,,,
83b8fabc-bab7-4d42-8a69-e865d4f525ee,acceptor.vet,available,43.98,52.98,high,low,8,namecheap,,,16/09/2026 22:02
9972476f-d46b-4196-a8c2-a3ccce03e388,publishers.vet,available,41.99,41.99,medium,low,10,namesilo,,,20/09/2026 01:32
231c0b3c-cbf9-4cfb-8789-65d452fb4c75,fruits.vet,available,50.99,54.99,high,low,6,name.com,,,17/09/2026 12:52
55ad6e99-77a6-48af-a048-13eb2a1909b8,answerer.vet,available,41.99,41.99,medium,low,8,namesilo,,,19/09/2026 12:14
ff968393-5684-4062-b23d-575fc51939f2,shredded.vet,available,41.99,41.99,high,low,8,namesilo,,,12/08/2026 06:59
12fa3bb6-ecdc-47e0-9eba-8d48c10063a7,laundry.vet,available,41.99,41.99,high,low,7,namesilo,,,
b1983664-f6e0-40fa-8b25-ce9d8abc1698,whitefish.vet,available,41.99,41.99,medium,low,10,namesilo,,,
dabe7647-4921-4214-b28e-19a5a45adf61,acclivity.vet,available,41.99,41.99,medium,low,9,namesilo,,,16/09/2026 22:40
18e50cf7-2cd3-4ea8-baa6-33c7d63f4da2,barcarolle.vet,available,43.98,52.98,medium,low,10,namecheap,,,22/09/2026 05:06
389c10bd-b48d-46fe-96da-a4fb9791dd8c,pseudo.vet,available,41.99,41.99,high,low,6,namesilo,,,09/09/2026 04:56
fd98050d-e319-47c0-953d-197400fa7ab9,floyd.vet,available,43.98,52.98,high,low,5,namecheap,,,25/09/2026 19:20
80b6efb6-c11a-4cd0-a716-cb14c3cb8950,insane.vet,available,41.99,41.99,medium,low,6,namesilo,,,21/08/2026 00:58
532ee8ca-cd68-4e63-89f8-f4ebddaef20d,becloud.vet,available,41.99,41.99,medium,low,7,namesilo,,,03/09/2026 23:53
4234c767-814e-487e-8dbc-389636862306,quintette.vet,available,43.98,52.98,medium,low,9,namecheap,,,09/09/2026 09:00
988b735a-e713-4ac9-967e-7096ed8bbd8c,become.vet,available,41.99,41.99,high,low,6,namesilo,,,
c1a23060-bb17-4762-b34f-adae37e7792d,glaswegian.vet,available,41.99,41.99,medium,low,10,namesilo,,,20/08/2026 14:14
c359b404-5792-41af-a451-fb075ecdd349,pins.vet,available,41.99,41.99,high,low,4,namesilo,,,18/09/2026 08:25
619aeabd-0191-4b59-ae87-29f4077b08c9,veronal.vet,available,43.98,52.98,medium,low,7,namecheap,,,22/09/2026 04:56
760fccf6-9344-4760-b8fb-812d7523e6d4,final.vet,available,43.98,52.98,high,low,5,namecheap,,,23/09/2026 19:07
f1630cef-a5cc-4641-9f5d-17b4f27d3aa2,missional.vet,available,41.99,41.99,medium,low,9,namesilo,,,25/08/2026 01:50
142c7e57-2c5c-4f2e-8085-7579454efa96,deliberate.vet,available,41.99,41.99,high,low,10,namesilo,,,11/08/2026 13:56
7d9570d8-64c9-4b00-9d82-23362059166d,glad.vet,available,43.98,52.98,high,low,4,namecheap,,,22/09/2026 18:28
658a50b8-a7be-4474-8243-2d37a45dbb24,sidewalks.vet,available,41.99,41.99,medium,low,9,namesilo,,,21/09/2026 06:21
d28ddc83-3889-44db-9b3c-0ff92afb0526,rae.vet,premium,39,39,medium,low,3,namecheap,,,27/09/2026 01:43
f0f559af-793e-4f52-adbd-656040ff6a95,lanka.vet,available,41.99,41.99,high,low,5,namesilo,,,25/09/2026 15:46
53e63abd-0bb4-4285-9fb5-caa659c05e0f,usance.vet,available,43.98,52.98,medium,low,6,namecheap,,,13/08/2026 12:25
b7214d62-ff5e-49f8-9eac-50bca6830890,thalassic.vet,available,41.99,41.99,medium,low,9,namesilo,,,11/09/2026 12:22
cd0a1e43-955b-49b6-b97b-e49df491931e,weighing.vet,available,41.99,41.99,high,low,8,namesilo,,,17/09/2026 11:27
200ce4a8-dba6-4a3d-8314-615004ef6de7,enemy.vet,available,41.99,41.99,high,low,5,namesilo,,,23/09/2026 07:51
dc8cf763-bbcd-43f6-a4e3-6ae56b0ed053,culinary.vet,available,43.98,52.98,high,low,8,namecheap,,,19/09/2026 15:04
59e14e80-030d-4022-ac0e-17cd9152a8de,taboo.vet,available,41.99,41.99,high,low,5,namesilo,,,18/08/2026 11:03
b538ef27-d81f-44b9-8179-cba0b528294e,sheets.vet,available,41.99,41.99,medium,low,6,namesilo,,,27/09/2026 02:20
9f2ac472-8ce9-4b83-9bf0-9c875e5f4b1b,lastly.vet,available,50.99,,medium,low,6,name.com,,,
845126a7-5c79-46f7-821e-ef253b6a749f,disconnect.vet,available,41.99,41.99,high,low,10,namesilo,,,
0cecd6f3-4f8a-4462-b1dd-234dd7d1c988,ade.vet,available,43.98,52.98,high,low,3,namecheap,,,17/09/2026 07:12
fea42dd2-cebb-4b93-bcfa-a261c6f3ce7d,paediatric.vet,available,41.99,41.99,high,low,10,namesilo,,,04/09/2026 22:51
3dab3366-4aa7-4551-af42-b9e79dfe002b,booking.vet,premium,512,512,high,high,7,namesilo,,,24/09/2026 07:06
7abe6de4-3cae-4d7b-a901-932cc4a2dc38,relate.vet,available,41.99,41.99,high,low,6,namesilo,,,07/08/2026 07:03
9b3a7f8b-a8b6-47fc-9d3b-1635e5d747fa,expandable.vet,available,43.98,52.98,high,low,10,namecheap,,,17/08/2026 17:51
239ea2c8-05c3-45c9-be3c-074ae461c813,stairs.vet,available,41.99,41.99,high,low,6,namesilo,,,
e703bbbf-1378-4eba-a759-b8aab253d83d,shortfall.vet,available,41.99,41.99,medium,low,9,namesilo,,,
bc939c1e-58b0-4284-b24f-346b93381fad,nonporous.vet,available,43.98,52.98,medium,low,9,namecheap,,,03/09/2026 20:18
c9c07832-e9d6-431d-84c7-a10f1ed6128a,creaky.vet,available,41.99,41.99,medium,low,6,namesilo,,,06/08/2026 22:59
a5039331-c3cb-4b98-9568-4099f5bf3547,astrology.vet,available,43.98,52.98,high,low,9,namecheap,,,20/09/2026 17:48
bbff392b-9e1f-4d1a-b0f0-a6b41aecff22,unshakable.vet,available,41.99,41.99,high,low,10,namesilo,,,23/09/2026 10:41
51ead7fa-dab7-4cd6-bb78-90aa9eb31493,basics.vet,available,41.99,41.99,high,low,6,namesilo,,,
d665b189-e331-4354-bf00-be75d31a9d94,ownerless.vet,available,41.99,41.99,medium,low,9,namesilo,,,04/09/2026 22:18
da1bfabd-79cc-47d1-bad2-fb4b3b2e86bd,barren.vet,available,41.99,41.99,medium,low,6,namesilo,,,08/08/2026 20:57
73a3bbc8-66b2-4156-bd0a-466c7e47a64c,ulterior.vet,available,41.99,41.99,medium,low,8,namesilo,,,22/08/2026 20:32
26248674-5cad-43a1-9526-92e83cb79e52,euclidian.vet,available,41.99,41.99,medium,low,9,namesilo,,,17/08/2026 14:04
416b05e6-5371-422c-9d87-a45caba85348,childbirth.vet,available,41.99,41.99,high,low,10,namesilo,,,12/08/2026 05:00
534aba10-20d8-4a4e-9b8d-c50763e8803a,hitchcock.vet,available,41.99,41.99,high,low,9,namesilo,,,18/09/2026 06:32
a122549f-b081-4bd0-9d80-5f9f62620f25,subway.vet,available,41.99,41.99,high,low,6,namesilo,,,25/09/2026 23:41
9236a7c8-9250-4789-b86d-ae577fc6b209,vertebral.vet,available,41.99,41.99,medium,low,9,namesilo,,,13/09/2026 04:33
05f8dfd2-25cc-4526-b91d-c719704bcd3a,intently.vet,available,41.99,41.99,medium,low,8,namesilo,,,15/09/2026 08:56
5de98907-436d-4083-9ff7-cd7471c60ee5,attendee.vet,available,41.99,41.99,high,low,8,namesilo,,,21/09/2026 01:26
7f4fef3e-8583-47c0-8f77-1a7308f3cac0,backing.vet,available,41.99,41.99,high,low,7,namesilo,,,21/09/2026 15:39
808001dc-aa1c-465e-9d13-df203979b767,sufi.vet,available,41.99,41.99,high,low,4,namesilo,,,11/09/2026 01:14
1f1f1773-2e41-47ee-8d4c-d9765d3846ec,repellant.vet,available,41.99,41.99,medium,low,9,namesilo,,,14/08/2026 10:41
54d93cd4-1e0c-415d-933f-6412945c8474,mackay.vet,available,41.99,41.99,medium,low,6,namesilo,,,25/09/2026 16:20
b712dabf-eed8-476e-9d4f-93703c8813c5,apparel.vet,available,50.99,,high,low,7,name.com,,,
97f86f84-ae04-412a-89d4-ad971954320a,degree.vet,available,41.99,41.99,high,low,6,namesilo,,,23/08/2026 00:33
ec1a4855-dd82-43f7-ae26-7058b215565e,coldly.vet,available,41.99,41.99,medium,low,6,namesilo,,,
913c044d-54dc-4884-afe8-60d39c3b8784,elephant.vet,available,41.99,41.99,high,low,8,namesilo,,,25/09/2026 22:36
02a88816-05e4-4983-98fa-476890456268,truce.vet,available,41.99,41.99,high,low,5,namesilo,,,20/09/2026 07:17
a5d1d8a5-af34-4fa8-a52a-67f25e400150,scoff.vet,available,41.99,41.99,medium,low,5,namesilo,,,22/08/2026 12:41
e70cb6a8-0f19-4799-bdd2-8ea35d7cc53a,und.vet,available,41.99,41.99,high,low,3,namesilo,,,25/09/2026 11:22
ba252089-656c-4b4f-88cf-a27156be2a9e,dishonest.vet,available,41.99,41.99,medium,low,9,namesilo,,,11/08/2026 03:44
d615ed15-067b-4629-9451-58c493d54d24,replace.vet,available,33.32,33.32,high,low,7,spaceship,,,28/09/2026 01:47
3848a557-2e28-49d7-b7bb-9285d8be7cc1,palatal.vet,available,41.99,41.99,medium,low,7,namesilo,,,04/09/2026 23:18
1d13e054-5afa-45a1-9854-d1b8550dc6d1,irate.vet,available,41.99,41.99,medium,low,5,namesilo,,,22/08/2026 09:44
ea7c7c1d-4102-4221-84f4-8a1ed1b0827b,ago.vet,available,41.99,41.99,high,low,3,namesilo,,,21/09/2026 23:15
aa386b7c-17fd-42df-927b-310ba1ed570a,tending.vet,available,41.99,41.99,high,low,7,namesilo,,,11/09/2026 11:15
45145bae-0176-46c9-9c12-b1fd3a0d3e06,tedious.vet,available,41.99,41.99,medium,low,7,namesilo,,,23/09/2026 00:32
68625274-c316-43e6-a872-78e0b39daaa0,uncivil.vet,available,41.99,41.99,medium,low,7,namesilo,,,12/09/2026 05:12
4bb63ccc-b107-45a8-8e8a-644cf2d2ab82,pentium.vet,available,41.99,41.99,high,low,7,namesilo,,,
e7a361a6-20fc-4f8f-bd40-8451e6cbe4a0,squirrel.vet,available,41.99,41.99,high,low,8,namesilo,,,
0b214762-d40f-4024-829d-547de611adc2,keyed.vet,available,41.99,41.99,medium,low,5,namesilo,,,22/08/2026 15:42
08ea6d63-b190-4023-b98b-dc9362d44f6a,sheepshead.vet,available,41.99,41.99,medium,low,10,namesilo,,,20/09/2026 02:29
d8714eb4-3f59-4639-a7d1-48f298d939c9,impractical.vet,available,41.99,41.99,medium,low,11,namesilo,,,
2c0c54bd-9105-42da-b011-482c58add296,bicycling.vet,available,41.99,41.99,high,low,9,namesilo,,,23/09/2026 13:28
f9e383ef-4471-44ec-a652-c901b93a87a2,motherly.vet,available,41.99,41.99,high,low,8,namesilo,,,25/08/2026 07:06
12c57462-99d2-4507-bbee-239b0daa3b01,waterless.vet,available,43.98,52.98,medium,low,9,namecheap,,,06/08/2026 19:03
51961ad1-b916-4733-b7b5-0992d7aa971c,delicately.vet,available,41.99,41.99,medium,low,10,namesilo,,,14/09/2026 11:25
b1adbdea-eb71-410b-9944-f07be0b4fb9c,bbl.vet,available,43.98,52.98,high,low,3,namecheap,,,22/09/2026 18:32
bfc53f20-6fd8-43f5-b605-6888a7e2b9de,suppertime.vet,available,41.99,41.99,high,low,10,namesilo,,,24/09/2026 22:23
72c48ef6-317c-4c4e-8363-e1096744c6a7,bipartisan.vet,available,43.98,52.98,high,low,10,namecheap,,,10/08/2026 04:32
8a66ed06-bf29-4987-b047-44283e99bdca,rimmed.vet,available,41.99,41.99,medium,low,6,namesilo,,,09/09/2026 17:45
dae72d30-d45f-4379-aa2f-be5906d0543b,marblewood.vet,available,41.99,41.99,medium,low,10,namesilo,,,19/09/2026 03:58
4534704a-933c-4f34-b3b7-7b601f4f2d09,deceased.vet,available,43.98,52.98,medium,low,8,namecheap,,,22/09/2026 10:44
36821558-c35a-4d04-8bc1-9609b4b2d1a2,coruscant.vet,available,41.99,41.99,medium,low,9,namesilo,,,
a5025873-9f14-4b4d-b2a9-c41fcd20f28b,dinky.vet,available,41.99,41.99,medium,low,5,namesilo,,,14/08/2026 08:14
32c820ea-c7a0-4119-ad5e-99e1b989c237,colourful.vet,available,43.98,52.98,high,low,9,namecheap,,,12/08/2026 17:51
5aec139b-41c9-48d4-817b-754987dec60b,closer.vet,available,41.99,41.99,high,low,6,namesilo,,,
19570d03-3d1b-4c0c-aa8c-507016e01a3d,antum.vet,available,41.99,41.99,medium,low,5,namesilo,,,19/09/2026 15:47
b06ff9b8-21e6-492f-9109-ae802a008c0b,monied.vet,available,41.99,41.99,high,low,6,namesilo,,,25/08/2026 04:39
5ff5e73a-fcfb-4fe1-bd4c-d1eeac1d9155,cathodic.vet,available,41.99,41.99,medium,low,8,namesilo,,,11/08/2026 21:56
a393b755-7113-427f-9cf1-7cc08ff63a32,hdl.vet,available,41.99,41.99,high,low,3,namesilo,,,18/09/2026 13:33
292763f4-bb74-4824-964d-0182300d8a0f,ellen.vet,available,41.99,41.99,high,low,5,namesilo,,,
777120ec-2fc5-4902-8760-1a38cc2402a9,reputedly.vet,available,41.99,41.99,medium,low,9,namesilo,,,15/09/2026 23:20
6ce207cd-4d3e-42ae-b0e4-f986396d1414,tamil.vet,available,41.99,41.99,high,low,5,namesilo,,,11/09/2026 07:48
37d38695-e60f-427c-9117-ec00bc895e4a,elderberry.vet,available,41.99,41.99,high,low,10,namesilo,,,24/09/2026 00:39
1bda2672-b463-4ddb-926f-eb18fbd4f290,diaper.vet,available,41.99,41.99,high,low,6,namesilo,,,03/09/2026 13:09
e40a5397-42b7-4e5e-9ddc-6349ca43723e,hodges.vet,available,43.98,52.98,medium,low,6,namecheap,,,25/09/2026 19:37
fc9499bb-b04f-45f3-b0c8-907b81549708,diffusive.vet,available,41.99,41.99,medium,low,9,namesilo,,,14/08/2026 07:10
d474b73a-724d-4a7d-b01b-1bef04f0f0cf,runyon.vet,available,41.99,41.99,medium,low,6,namesilo,,,18/09/2026 06:27
b69c81ac-2f15-4bfa-92f1-3839417195f2,methodical.vet,available,41.99,41.99,high,low,10,namesilo,,,24/08/2026 21:56
337a4880-ad39-4a25-bfda-8e84621a161e,assorted.vet,available,41.99,41.99,medium,low,8,namesilo,,,07/08/2026 07:25
4a72c7db-4cc4-4647-a365-eaf6b1df6fe6,verbalise.vet,available,41.99,41.99,medium,low,9,namesilo,,,13/09/2026 00:16
5eea8f45-7c43-470f-aeea-c1a422461e21,separation.vet,available,41.99,41.99,high,low,10,namesilo,,,
706479d9-5ce0-44e2-94d6-980b2069e00d,orpine.vet,available,41.99,41.99,medium,low,6,namesilo,,,24/08/2026 07:58
52b3120e-7672-4cb3-8dfa-5923fa351b78,milk.vet,available,41.99,41.99,high,low,4,namesilo,,,25/09/2026 05:39
be872e39-73bb-498e-be97-2940ec0b260a,marrying.vet,available,43.98,52.98,high,low,8,namecheap,,,27/09/2026 17:47
19df94c5-7b3c-4300-be18-f428fc765c95,invoice.vet,available,43.98,52.98,high,low,8,namecheap,,,24/09/2026 05:24
e823a375-96f3-4f1c-8f93-218ad3bbdc3f,referring.vet,available,33.32,33.32,high,low,9,spaceship,,,28/09/2026 03:35
35c3a253-18b7-4708-acb7-7e67768b8f43,pentatonic.vet,available,41.99,41.99,medium,low,10,namesilo,,,08/09/2026 15:05
6019ec04-fe93-49cc-84be-718914d4dcfe,enquirer.vet,available,41.99,41.99,high,low,8,namesilo,,,20/09/2026 14:24
871261bd-4b24-4490-aea3-fcd37ee2d5f9,illusion.vet,available,41.99,41.99,high,low,8,namesilo,,,24/09/2026 16:35
267839be-97c7-4621-a9aa-2482002fab97,behave.vet,available,41.99,41.99,high,low,6,namesilo,,,
9a5c3032-b3d1-4716-b2e0-8402df459226,onager.vet,available,41.99,41.99,medium,low,6,namesilo,,,20/09/2026 00:38
62d1ad23-3561-42f1-bd9e-7a85a94d11f3,propose.vet,available,41.99,41.99,high,low,7,namesilo,,,
f4bd9856-8f69-4080-ad04-9087526b7e48,appearance.vet,available,41.99,41.99,high,low,10,namesilo,,,08/09/2026 12:55
c79a8065-6744-4544-b9bb-90de690eb88c,unchecked.vet,available,41.99,41.99,medium,low,9,namesilo,,,12/09/2026 04:32
83e9576e-3e2f-4404-8286-8aef952e9cfd,blusher.vet,available,43.98,52.98,medium,low,7,namecheap,,,18/09/2026 15:49
c14e42c4-fdea-4cc0-9e33-3d642f205dc9,reusable.vet,available,41.99,41.99,high,low,8,namesilo,,,09/09/2026 11:33
53376745-3582-48da-9253-2f1d97439df8,mutable.vet,available,41.99,41.99,medium,low,7,namesilo,,,12/08/2026 01:50
b12e0202-174c-4ba9-8c15-e1a6c4fc5228,filings.vet,available,41.99,41.99,low,low,7,namesilo,,,
4c3cd28e-2745-4644-99af-80d135f80b03,msc.vet,available,41.99,41.99,high,low,3,namesilo,,,27/09/2026 04:42
657e87f0-f71b-48d1-9056-6cd49d5d186f,bought.vet,available,41.99,41.99,high,low,6,namesilo,,,
1b821e31-da38-4318-b779-3c8e859aa3b1,breathless.vet,available,41.99,41.99,medium,low,10,namesilo,,,11/08/2026 03:23
01942841-f286-422f-8574-17db132d5579,stupe.vet,available,41.99,41.99,medium,low,5,namesilo,,,10/09/2026 23:06
994d3f8f-a510-4c51-b58f-7b3e41255f8e,dystopian.vet,available,41.99,41.99,medium,low,9,namesilo,,,14/08/2026 22:10
70ff962f-7102-4a9a-9f97-fbe60f06681f,task.vet,available,41.99,41.99,high,low,4,namesilo,,,24/09/2026 03:25
feaec3aa-99e5-41a2-8aed-c18dc64960cc,nosy.vet,available,41.99,41.99,medium,low,4,namesilo,,,03/09/2026 21:48
62ea29ae-f00d-44b6-b83f-df0c0d9d0b25,injectable.vet,available,41.99,41.99,high,low,10,namesilo,,,22/08/2026 05:36
a246ca01-9797-4667-934c-c751f6089d3b,inhabitant.vet,available,41.99,41.99,high,low,10,namesilo,,,24/09/2026 21:51
ba52cfd3-fb98-416a-9571-b54bb293d80b,abridger.vet,available,41.99,41.99,medium,low,8,namesilo,,,16/09/2026 14:35
1e0dec45-3193-4d0a-a8ab-e9d581769ab5,brisken.vet,available,41.99,41.99,medium,low,7,namesilo,,,11/08/2026 04:39
e754d271-c53a-4a67-8922-df0697a4bd59,proofed.vet,available,41.99,41.99,medium,low,7,namesilo,,,09/09/2026 03:24
c81398f9-22cd-4a71-a63d-4231a00fd386,tonight.vet,available,41.99,41.99,high,low,7,namesilo,,,16/09/2026 08:54
36c61627-385c-4829-beb3-c4fd48f3ad7f,suitable.vet,available,33.32,33.32,high,low,8,spaceship,,,28/09/2026 01:54
adfda459-c132-4d46-837a-6da396977bb2,detached.vet,available,41.99,41.99,medium,low,8,namesilo,,,24/09/2026 07:07
ad4342fa-60e6-4b55-893e-1f118b38bbd6,alienator.vet,available,41.99,41.99,medium,low,9,namesilo,,,18/09/2026 07:36
54182a8f-9159-404e-bb6f-d489c0884315,returns.vet,available,41.99,41.99,high,low,7,namesilo,,,17/09/2026 17:19
225527e3-8567-4452-a983-b03340278316,anglophobe.vet,available,41.99,41.99,medium,low,10,namesilo,,,19/09/2026 06:55
7c5064cc-beb6-457a-a3e2-34a2d68ded1c,grandfathers.vet,available,41.99,41.99,medium,low,12,namesilo,,,20/09/2026 22:52
0d4354da-9457-4db5-8359-45b80854d490,abkhaz.vet,available,41.99,41.99,medium,low,6,namesilo,,,
39a7fb03-803f-4097-99e4-1bac1d8236fe,dyslexic.vet,available,41.99,41.99,medium,low,8,namesilo,,,14/08/2026 22:03
236b35bf-c38c-4541-bf6a-4f5962ea47ad,arbitrage.vet,available,41.99,41.99,high,low,9,namesilo,,,20/09/2026 00:42
e7225964-4a12-471d-ac4e-773aba462e60,ssw.vet,available,41.99,41.99,high,low,3,namesilo,,,16/09/2026 05:21
468100a4-c095-498e-a0fd-e88a225edf5e,reported.vet,available,34.14,34.14,high,low,8,dynadot,,,27/09/2026 11:56
88738cef-a5ce-4816-8602-be2eb253d102,netherlands.vet,available,,,high,high,11,,,,
4f378f28-8f48-4841-ab68-7daf2e627522,loamy.vet,available,41.99,41.99,medium,low,5,namesilo,,,24/08/2026 08:15
62db9452-3cbf-4f8c-ac00-3af02e9d915e,managerial.vet,available,41.99,41.99,high,low,10,namesilo,,,24/08/2026 14:32
18d09be4-9c2a-46b2-beed-9df2266c96d6,starchy.vet,available,41.99,41.99,medium,low,7,namesilo,,,11/08/2026 07:29
f5bdeb31-6857-415d-bd77-2302210560a4,outmoded.vet,available,41.99,41.99,medium,low,8,namesilo,,,14/08/2026 01:15
854ce52c-ab5d-45e5-964d-d1bf8017955e,mortal.vet,available,50.99,54.99,high,low,6,name.com,,,13/08/2026 19:33
a64e718f-aa2a-4a93-b923-bf0ade2f21c4,decade.vet,available,41.99,41.99,high,low,6,namesilo,,,21/09/2026 10:56
92dfbcb8-93ec-4096-8e1b-e1dd873a7955,salient.vet,available,41.99,41.99,high,low,7,namesilo,,,09/09/2026 03:09
668999b0-21e6-4f03-a0ff-5ee49249ecaf,investors.vet,premium,78.54,78.54,high,low,9,namesilo,,,
b5de4d0a-5398-4172-892f-c07497c09bce,consensus.vet,available,41.99,41.99,high,low,9,namesilo,,,
3fee8a71-410f-41f2-b8f0-9a549032530a,selfish.vet,available,33.32,33.32,medium,low,7,spaceship,,,27/09/2026 19:59
e9001191-b3a7-43f8-b499-2fbf4d0bed8f,macedonian.vet,available,41.99,41.99,high,low,10,namesilo,,,24/08/2026 12:46
641cd56a-0187-4928-9300-1f71f4819936,aspis.vet,available,41.99,41.99,medium,low,5,namesilo,,,20/09/2026 15:24
6d0921b2-574b-4e8d-a6ab-08728f714158,underlying.vet,available,41.99,41.99,high,low,10,namesilo,,,21/08/2026 22:41
b2ac0e51-8b90-438a-b700-9284d34ef00a,misdirect.vet,available,41.99,41.99,medium,low,9,namesilo,,,13/08/2026 02:26
ec698908-3b8f-4cf3-b5cd-d9a8d82967e6,addend.vet,available,41.99,41.99,medium,low,6,namesilo,,,17/09/2026 06:41
7c970bd3-3e7e-4a10-8f63-83903455de7d,affined.vet,available,41.99,41.99,medium,low,7,namesilo,,,
2a98d66d-3870-42cf-ab5e-d3192dce7624,seem.vet,available,41.99,41.99,high,low,4,namesilo,,,
56270365-a137-4240-b2ca-f859410a31bc,quarters.vet,available,41.99,41.99,high,low,8,namesilo,,,
f2161f0f-e8d1-468f-8b56-1d4572446ba7,transportation.vet,available,41.99,41.99,high,low,14,namesilo,,,19/09/2026 03:16
f4961433-8332-455a-9fce-95ab3d34c790,bop.vet,available,41.99,41.99,high,low,3,namesilo,,,22/09/2026 10:28
2144c499-57e7-4caf-ba00-6dc3baab3d3f,explaining.vet,available,41.99,41.99,high,low,10,namesilo,,,27/09/2026 22:18
d5a2f378-d6e2-4717-8ec1-d58838555315,phoenix.vet,premium,1107,1107,high,medium,7,namesilo,,,24/09/2026 12:16
7588ee6e-6058-4c39-b262-0b7ca27c1d31,kvetch.vet,available,41.99,41.99,medium,low,6,namesilo,,,08/09/2026 20:36
08979d6b-0bfc-4fbe-b759-94bed7af2861,lol.vet,premium,118.8,118.8,high,low,3,namesilo,,,
e332c700-2307-46ba-abb7-5bfeea005752,warehouse.vet,available,41.99,41.99,high,low,9,namesilo,,,27/09/2026 06:03
9b57f834-2412-4cf0-84e6-6749d46da47e,scarey.vet,available,41.99,41.99,medium,low,6,namesilo,,,12/08/2026 05:21
a7932e7f-8ea1-4e11-b3f3-66363288110a,scallops.vet,available,41.99,41.99,medium,low,8,namesilo,,,19/09/2026 23:48
42a60981-3d62-4b7a-a8eb-9cae38dbb9fc,agene.vet,available,41.99,41.99,medium,low,5,namesilo,,,17/09/2026 17:07
ec6eefa8-358f-409a-83dd-90a8ac43e67f,hypotonic.vet,available,41.99,41.99,medium,low,9,namesilo,,,21/08/2026 17:19
db311a03-affd-4737-936b-d584b30d47c5,wooden.vet,available,41.99,41.99,high,low,6,namesilo,,,
7a7fd4bc-f2dd-4f4b-90db-ce65d0a43f89,fearfully.vet,available,43.98,52.98,medium,low,9,namecheap,,,14/09/2026 18:04
dd5fc230-fdb7-4a55-97bb-42aac754d789,abyssinian.vet,available,43.98,52.98,high,low,10,namecheap,,,16/09/2026 19:54
766e1478-60b0-4b67-b9c0-01723e0e95ce,wharf.vet,available,41.99,41.99,high,low,5,namesilo,,,
c7908bfd-6ab7-4589-9466-b13a6fe13f6b,annelidan.vet,available,41.99,41.99,medium,low,9,namesilo,,,
fa8dc63f-6f14-44ed-9b0b-d9b87cd0f287,imbalance.vet,available,41.99,41.99,medium,low,9,namesilo,,,20/09/2026 18:40
9ad4ba19-c649-48b7-9d2f-91f631bd514c,winfred.vet,available,,,medium,low,7,,,,19/09/2026 19:23
76aebff3-35e4-4502-bdb3-56592d5c807f,avignon.vet,available,43.98,52.98,medium,low,7,namecheap,,,21/09/2026 09:35
3f00005f-03a6-4e96-9ebb-3f266c4d1ee6,iberian.vet,available,41.99,41.99,high,low,7,namesilo,,,21/08/2026 17:32
a4640251-b334-435e-961d-0166edea71f2,exam.vet,available,41.99,41.99,high,low,4,namesilo,,,27/09/2026 03:51
4d080f8c-7e70-4e26-bcf2-9127f2df11d4,departure.vet,available,41.99,41.99,high,low,9,namesilo,,,08/09/2026 12:08
fb6057b9-3d8a-42bf-949d-d09212449d78,panic.vet,available,41.99,41.99,high,low,5,namesilo,,,
9f78dda4-0af1-4859-8fbf-254efd8c0b35,benedick.vet,available,41.99,41.99,high,low,8,namesilo,,,23/09/2026 07:51
7064e90a-c519-4bb0-b611-c959683a4ae1,retardant.vet,available,41.99,41.99,medium,low,9,namesilo,,,
e3ac5dab-b6a1-42a6-a4db-2dde3ec59703,ripened.vet,available,43.98,52.98,medium,low,7,namecheap,,,09/09/2026 17:55
559b56c5-9db7-4848-b1d8-e45193f0df54,localised.vet,available,41.99,41.99,medium,low,9,namesilo,,,24/08/2026 08:47
34d914e3-c0ec-454f-ac04-3c31fb7216df,documental.vet,available,41.99,41.99,medium,low,10,namesilo,,,14/08/2026 14:27
b7ec0859-715c-4fe5-b824-3ab8db39489f,xxxv.vet,available,41.99,41.99,medium,low,4,namesilo,,,
5ba6b82b-372e-46f7-89f6-8e6c3a941aa4,totemic.vet,available,43.98,52.98,medium,low,7,namecheap,,,11/09/2026 18:10
27add929-9d67-404d-b651-14ffb8f29ca1,incisively.vet,available,41.99,41.99,medium,low,10,namesilo,,,15/09/2026 07:42
898806d3-4248-4721-bbb9-5b758fb7b924,gloves.vet,available,41.99,41.99,medium,low,6,namesilo,,,25/09/2026 19:42
4f85e809-0be2-4053-a98a-3f7ff3d07659,ostensible.vet,available,41.99,41.99,medium,low,10,namesilo,,,04/09/2026 18:29
32c15ed3-91c3-4ec5-9fc4-1bbc74ab8ffa,bohrium.vet,available,41.99,41.99,medium,low,7,namesilo,,,20/09/2026 22:07
366d756c-6ddb-407d-9e88-d4ff896313bc,millionth.vet,available,41.99,41.99,medium,low,9,namesilo,,,24/08/2026 23:25
24834e21-7a09-46de-991b-cde9824d1c3b,cruel.vet,available,43.98,52.98,high,low,5,namecheap,,,22/09/2026 17:21
2ceccc1f-b015-4c2a-9f26-07635efce6a7,opening.vet,available,41.99,41.99,high,low,7,namesilo,,,04/09/2026 16:15
9c192219-47f1-42cb-94bf-e806e205019b,wallace.vet,premium,118.8,118.8,high,low,7,namesilo,,,18/09/2026 06:43
96ea1fc9-8cea-487c-8ef9-b0751552bd07,bump.vet,available,41.99,41.99,high,low,4,namesilo,,,
c2dacf7b-44c1-441e-a9a7-ab02e579f4b9,undivided.vet,available,41.99,41.99,high,low,9,namesilo,,,12/09/2026 08:11
a8a5119b-8009-4240-bd0a-f1ed73a7d2a1,procedural.vet,available,41.99,41.99,high,low,10,namesilo,,,09/09/2026 02:31
1c93e484-5d36-4225-bb2e-385774854283,alpinism.vet,available,41.99,41.99,medium,low,8,namesilo,,,18/09/2026 14:05
862f2db4-e468-4a0d-a95f-a4e2828636ae,sagely.vet,available,41.99,41.99,medium,low,6,namesilo,,,16/09/2026 00:31
79d5950a-061c-486e-93a3-fee967a928b5,gauche.vet,available,41.99,41.99,medium,low,6,namesilo,,,18/08/2026 20:41
83527239-a359-41d9-b8a6-e67b859b3a13,certain.vet,available,33.32,33.32,high,low,7,spaceship,,,27/09/2026 19:05
047ef433-e49c-4bf9-83fd-c550dbf7b427,constructive.vet,available,50.99,,high,low,12,name.com,,,
9a0de105-951a-4f41-ae39-b3a7799fd95c,highly.vet,available,41.99,41.99,high,low,6,namesilo,,,
08455371-7606-4e33-9da5-73358fa19ce6,thrift.vet,available,41.99,41.99,high,low,6,namesilo,,,27/09/2026 03:24
46ab7611-1c5b-477c-bdc1-19a28a300a98,spacetravel.vet,available,41.99,41.99,high,low,12,namesilo,,,
a84dfc38-349b-4b8e-ae98-57ebaf26c480,alkanet.vet,available,41.99,41.99,medium,low,7,namesilo,,,18/09/2026 08:26
8daaf501-2ccc-45a5-a993-1963f5c04a98,xxii.vet,available,41.99,41.99,medium,low,4,namesilo,,,21/09/2026 12:40
94fafc13-a115-4c22-af9e-76416abf4781,anemic.vet,available,41.99,41.99,high,low,6,namesilo,,,
fd22c820-8949-4361-9336-165368a86b6b,midland.vet,available,41.99,41.99,high,low,7,namesilo,,,24/08/2026 22:36
22a18c1f-4fc4-40af-8243-7be6d7644b4c,rough.vet,available,41.99,41.99,high,low,5,namesilo,,,06/08/2026 09:39
9f78e2f0-7453-4f96-b739-a79e8569ecd0,markoff.vet,available,43.98,52.98,medium,low,7,namecheap,,,19/09/2026 04:18
fffb9896-fa18-4003-a09a-7376b30fd1a7,proves.vet,available,43.98,52.98,medium,low,6,namecheap,,,18/09/2026 07:04
25407ef6-18b9-4e37-b898-11950bd84ad4,trip.vet,premium,78.54,78.54,high,low,4,namesilo,,,08/09/2026 04:57
6630b0ea-3990-4b4a-87c9-98e2564465fd,jacobson.vet,available,34.14,34.14,high,low,8,dynadot,,,28/09/2026 04:07
1620905b-2a45-4466-8810-65bbe218f359,industrialize.vet,available,41.99,41.99,medium,low,13,namesilo,,,
e16d2adc-754c-4057-b7ee-d92e59516dc2,twitter.vet,available,41.99,41.99,high,low,7,namesilo,,,
24c934bf-aa6e-4c49-9006-c9176203fd5e,influential.vet,available,41.99,41.99,high,low,11,namesilo,,,08/09/2026 05:20
a42ad00b-aa1b-49d8-848b-b5c7710b99f7,selfmade.vet,available,41.99,41.99,high,low,9,namesilo,,,10/09/2026 02:03
d51b744b-1d2f-4a7f-a988-51697914c95d,bestowal.vet,available,41.99,41.99,medium,low,8,namesilo,,,23/09/2026 10:39
8772412f-0172-4df8-ba06-ee4681ea9707,mathematics.vet,available,34.14,34.14,high,low,11,dynadot,,,28/09/2026 03:31
b2865b96-3ac3-4668-b13e-a5a80adf8636,bellman.vet,available,41.99,41.99,medium,low,7,namesilo,,,23/09/2026 06:01
69a3f000-f955-4bb7-a5f9-03ace83001b2,bazar.vet,available,43.98,52.98,high,low,5,namecheap,,,22/09/2026 18:23
8a34bade-0f9c-4d09-88df-06038b9042ad,asarum.vet,available,41.99,41.99,medium,low,6,namesilo,,,20/09/2026 12:52
e0802703-1078-4eb9-99e4-711f1d85a81d,xxxiv.vet,available,41.99,41.99,medium,low,5,namesilo,,,
8bbf234a-6024-4e9c-9d11-753ea3867bda,cambridge.vet,available,41.99,41.99,high,low,9,namesilo,,,24/09/2026 11:51
185d820b-561f-4ddc-9df6-f3c707cb3ec1,washable.vet,available,41.99,41.99,high,low,8,namesilo,,,13/09/2026 08:29
a62337a6-932d-4b74-8ca9-d8a2b92f6f15,aeronaut.vet,available,41.99,41.99,high,low,8,namesilo,,,17/09/2026 13:09
48fcf385-e8ca-468c-b24e-18a6649b551f,banff.vet,available,41.99,41.99,medium,low,5,namesilo,,,22/09/2026 01:44
9335de69-f40d-40ee-a787-9eac3018cd68,birches.vet,available,41.99,41.99,medium,low,7,namesilo,,,20/09/2026 07:32
c9bece49-4611-41b6-a06a-ac3605024c6d,coffeeman.vet,available,41.99,41.99,high,low,9,namesilo,,,
709035ee-2efe-494f-8482-8cc12976b153,blasting.vet,available,41.99,41.99,high,low,8,namesilo,,,10/08/2026 13:10
869424cb-de26-4d0a-8a47-553d5acf39d6,whatsoever.vet,available,41.99,41.99,medium,low,10,namesilo,,,22/09/2026 06:59
571419dd-ba77-4efb-80c9-bdf0626fbd5b,drawer.vet,available,43.98,52.98,high,low,6,namecheap,,,24/09/2026 23:56
6f073976-76a2-4d9a-89c3-c97fa0d8d1a9,infamous.vet,available,43.98,52.98,medium,low,8,namecheap,,,21/08/2026 19:04
7d4b929c-916b-40ea-92a6-6556aba4391a,sloe.vet,available,41.99,41.99,medium,low,4,namesilo,,,18/09/2026 10:21
f87e5d9e-f47a-42dd-b6e7-7a77c418fa57,translating.vet,available,43.98,52.98,medium,low,11,namecheap,,,17/09/2026 20:51
66e50c85-baa5-448a-9eab-2d7a55bcbcfe,eros.vet,available,41.99,41.99,high,low,4,namesilo,,,24/09/2026 17:09
3d79e898-2a22-40e2-a75a-272142384719,charming.vet,available,41.99,41.99,high,low,8,namesilo,,,12/08/2026 02:36
1e259b4c-00bd-462f-92e9-68b67d51d50f,socialised.vet,available,41.99,41.99,medium,low,10,namesilo,,,10/09/2026 13:14
3335ff6f-2524-4e47-8def-5f94a54146e8,uptight.vet,available,41.99,41.99,medium,low,7,namesilo,,,15/08/2026 09:30
cc1167dd-0147-4089-8e07-9951239dc17e,terracotta.vet,available,50.99,54.99,high,low,11,name.com,,,17/09/2026 09:12
0211429c-df17-4c3a-997e-a7e3302a16c1,ethan.vet,available,41.99,41.99,high,low,5,namesilo,,,25/09/2026 13:30
9022f5a3-1fb3-4189-ba3b-14ed12899f19,beelzebub.vet,available,41.99,41.99,medium,low,9,namesilo,,,23/09/2026 01:23
62548f6b-d9c0-4a88-8b51-c121e8f64e29,thyroid.vet,available,41.99,41.99,high,low,7,namesilo,,,11/09/2026 15:18
83a11e95-ba5c-4202-89b0-ac4014429ff2,fours.vet,available,50.99,54.99,high,low,5,name.com,,,20/09/2026 08:08
3f66358e-57ef-4951-b08f-1f7a79ea312a,antitoxin.vet,available,43.98,52.98,high,low,9,namecheap,,,19/09/2026 15:12
90221431-7b15-44c0-bf07-dcf316a9975a,enthusiasm.vet,available,41.99,41.99,high,low,10,namesilo,,,
f3a6b44c-4942-4d58-81a5-6b553fda5510,chaparral.vet,available,41.99,41.99,medium,low,9,namesilo,,,10/09/2026 00:21
984c599d-5468-4580-8e1a-7b0bcdd226a3,superhero.vet,available,50.99,54.99,high,low,9,name.com,,,16/09/2026 20:24
c785d1b4-79b1-465c-99cb-325fc3f1ff91,cast.vet,available,33.32,33.32,high,low,4,spaceship,,,27/09/2026 20:35
16c681b5-3642-40a8-916d-b763296c129c,beira.vet,available,41.99,41.99,medium,low,5,namesilo,,,23/09/2026 04:20
40d09c59-9a2b-4391-bee9-03a7460157e6,warwick.vet,available,41.99,41.99,high,low,7,namesilo,,,25/09/2026 05:09
079ce28c-e3c4-454e-b9a8-eacd47f9aac4,foliose.vet,available,41.99,41.99,medium,low,7,namesilo,,,18/08/2026 10:11
a5811960-dbb7-4295-ac16-397719038d49,americium.vet,available,41.99,41.99,medium,low,9,namesilo,,,18/09/2026 15:35
42bcc4c8-9386-47e6-a2c3-f7bb29c65bae,iodin.vet,available,41.99,41.99,high,low,5,namesilo,,,21/08/2026 17:26
72a138a7-06c0-48a5-977c-6dc6102157e9,unblushing.vet,available,41.99,41.99,medium,low,10,namesilo,,,10/09/2026 05:55
bc681c29-6fd6-4c80-bed1-ab78d6ab73f6,fury.vet,available,43.98,52.98,high,low,4,namecheap,,,24/09/2026 21:41
da1b7a8f-e650-430a-9ad6-fc2cdbc5e6b6,clementine.vet,available,41.99,41.99,high,low,10,namesilo,,,24/09/2026 15:33
d1d63ade-2e85-4b12-bb85-991e8c0806e2,arthurian.vet,available,41.99,41.99,medium,low,9,namesilo,,,06/08/2026 23:21
13a0df47-839b-4afe-b1ba-aec48dbe2870,percipient.vet,available,41.99,41.99,high,low,10,namesilo,,,08/09/2026 16:17
771ef977-c42b-4b2b-b8b5-115d694136e0,sculpture.vet,available,43.98,52.98,high,low,9,namecheap,,,20/08/2026 18:45
c00eb683-4e38-42d5-bdeb-192e7967ed0b,would.vet,available,41.99,41.99,high,low,5,namesilo,,,
c5eb573b-369b-4f4c-ad07-b9b7f2573058,hutton.vet,available,41.99,41.99,high,low,6,namesilo,,,25/09/2026 07:41
fcff6559-58bc-4f7f-a691-6995aed60576,shucks.vet,available,50.99,54.99,medium,low,6,name.com,,,13/08/2026 16:16
0742de43-781f-4ce8-ae6a-99b7acf5ceb0,fuzzed.vet,available,43.98,52.98,medium,low,6,namecheap,,,18/08/2026 19:20
9f413adf-89f9-429b-ae71-8a5ae5af95ec,potently.vet,available,43.98,52.98,medium,low,8,namecheap,,,15/09/2026 21:07
4b78b7ef-c20f-45f8-996b-5bbf23996667,unfrozen.vet,available,41.99,41.99,medium,low,8,namesilo,,,12/09/2026 10:54
0760f70c-6274-49ed-b75e-b35c37ce7717,apheresis.vet,available,41.99,41.99,medium,low,9,namesilo,,,19/09/2026 16:49
0f7aebc3-14ce-4652-b9fe-72adb18ee072,granicus.vet,available,41.99,41.99,medium,low,8,namesilo,,,22/09/2026 15:08
e6a38f7d-13e4-43c0-847f-67e60caafa1c,cushion.vet,available,43.98,52.98,high,low,7,namecheap,,,24/09/2026 20:36
bd9743f4-392d-4eb4-b565-af56b0e16838,motions.vet,available,41.99,41.99,medium,low,7,namesilo,,,18/09/2026 00:16
0f43ff5c-64b1-4fda-bac0-124247528344,topping.vet,available,41.99,41.99,high,low,7,namesilo,,,11/09/2026 17:36
5654f4da-b6bc-4ba9-8427-98296d60419f,muslim.vet,premium,242,242,high,medium,6,namesilo,,,22/08/2026 10:45
2da29a01-8b42-4ff6-bc81-90628ee0af00,grantee.vet,available,41.99,41.99,medium,low,7,namesilo,,,18/09/2026 07:39
815918bc-5a5d-4944-9ad2-98fe8157eef4,schnabel.vet,available,41.99,41.99,high,low,8,namesilo,,,20/09/2026 12:04
d2d32b2b-9c19-4f78-927f-c6c05c36aba6,protect.vet,available,,,high,low,7,,,,
311de56d-6821-4a8f-b39a-1a92c21cfe86,flighty.vet,available,41.99,41.99,medium,low,7,namesilo,,,18/08/2026 08:11
af3bf5a9-6a21-4084-ade9-b97bbe29cd32,lyrics.vet,available,41.99,41.99,high,low,6,namesilo,,,
92964b65-2763-4615-b66f-435b3899c210,conjugal.vet,available,41.99,41.99,medium,low,8,namesilo,,,12/08/2026 22:07
2d6e5bf0-3f9d-4ffa-8e15-5245acb1aa9e,greek.vet,available,41.99,41.99,high,low,5,namesilo,,,08/09/2026 07:29
4d29c250-99f0-4469-bc30-e0582d55f476,coffeepots.vet,available,41.99,41.99,medium,low,10,namesilo,,,21/09/2026 00:56
94abb4cc-9e3c-42bc-8028-fb3329259a4f,veal.vet,available,41.99,41.99,medium,low,4,namesilo,,,
3084bf38-2d91-4478-a9de-53d197c13947,polychrome.vet,available,41.99,41.99,high,low,10,namesilo,,,08/09/2026 23:11
a078996d-063c-4ccd-a8a5-4bc7abbebb0d,out.vet,available,41.99,41.99,high,low,3,namesilo,,,25/09/2026 17:35
3339f26d-d93e-408e-8cc0-7991ab2ae216,appealing.vet,available,41.99,41.99,high,low,9,namesilo,,,06/08/2026 05:51
7e26b9b2-51ce-4f73-8cd8-b871cf8af1e5,homeless.vet,premium,500,500,high,low,8,name.com,,,14/08/2026 12:07
97ac0876-a93b-41a2-85f6-d3a1e13539b3,strand.vet,available,41.99,41.99,high,low,6,namesilo,,,24/08/2026 16:26
419347e2-940a-4736-ab05-19810689944e,misgiving.vet,available,41.99,41.99,medium,low,9,namesilo,,,24/09/2026 23:11
28bd425f-8f97-4d6a-b71f-f13ea6ba569e,areola.vet,available,41.99,41.99,medium,low,6,namesilo,,,20/09/2026 03:49
87b75a85-41b0-4def-afa2-b0d2225a2a22,bidding.vet,available,41.99,41.99,high,low,7,namesilo,,,23/09/2026 13:29
3faa27eb-2256-41bb-abf6-09f4cd34a79c,improvised.vet,available,41.99,41.99,high,low,10,namesilo,,,21/08/2026 23:19
6dae630e-9b35-4bdf-af44-2eb6431ce819,windsock.vet,available,43.98,52.98,medium,low,8,namecheap,,,17/09/2026 21:40
f5375b65-896c-4b42-996b-12be5e50d96d,courageous.vet,available,41.99,41.99,high,low,10,namesilo,,,23/09/2026 02:25
50dfc827-7152-4e74-a093-dedf0f20f32f,cousin.vet,available,43.98,52.98,high,low,6,namecheap,,,24/09/2026 18:49
58842cbf-16d3-4c3e-a2a3-62c03029b295,counseling.vet,premium,242,242,high,low,10,namesilo,,,24/09/2026 02:30
2265eff3-18e2-48fe-a741-c44fc725f64e,comparable.vet,available,41.99,41.99,high,low,10,namesilo,,,23/09/2026 16:34
ffb652b9-442e-48ef-b9dd-10db244c95f4,unhealed.vet,available,41.99,41.99,medium,low,8,namesilo,,,12/09/2026 12:08
be7f7a1e-9dfa-4e76-97c7-da781b6ceb40,salubrious.vet,available,41.99,41.99,high,low,10,namesilo,,,20/08/2026 16:33
143c1044-489d-4f03-94e4-9f826a496468,armadillo.vet,available,43.98,52.98,high,low,9,namecheap,,,20/09/2026 06:27
ac8566e6-6f4b-4f12-9659-16266ad566a8,prettiest.vet,available,41.99,41.99,medium,low,9,namesilo,,,18/09/2026 03:32
211331e9-60d2-4fab-95da-f331f2c443ea,tout.vet,available,41.99,41.99,high,low,4,namesilo,,,11/08/2026 01:03
d9e687cd-e927-40fe-bc28-e15259951329,napping.vet,available,41.99,41.99,high,low,7,namesilo,,,03/09/2026 13:07
bdfd17a9-e04c-4a92-9498-1e726777314f,geologic.vet,available,41.99,41.99,high,low,8,namesilo,,,18/08/2026 22:30
67d1e8b1-eae2-4bcc-ad90-3f1e1b24d5a2,animation.vet,available,41.99,41.99,high,low,9,namesilo,,,18/09/2026 08:09
d1795237-9810-4487-8e2f-ed73d69017de,binding.vet,available,43.98,52.98,high,low,7,namecheap,,,22/09/2026 20:51
50a5cb27-0b2c-4502-b188-4f502f533e61,biter.vet,available,41.99,41.99,medium,low,5,namesilo,,,23/09/2026 22:27
9a5ca316-8b8b-4527-8996-8c694846e8b2,clubby.vet,available,41.99,41.99,high,low,6,namesilo,,,12/08/2026 11:19
838fdc27-3f64-4a27-9666-a0fb733132fa,gain.vet,available,41.99,41.99,high,low,4,namesilo,,,23/09/2026 07:57
b6977552-280a-4c20-94f9-120f3ff6c93f,rope.vet,available,41.99,41.99,high,low,4,namesilo,,,25/09/2026 22:52
5b00b579-6e06-4840-9940-8efb2797ae64,thoughtless.vet,available,41.99,41.99,medium,low,11,namesilo,,,
3e379c27-b8d7-4bfd-ada4-c39ec294e813,stripe.vet,available,41.99,41.99,high,low,6,namesilo,,,24/09/2026 14:22
17884d4a-14a6-4f46-8dc9-c01701002c2c,people.vet,available,41.99,41.99,high,medium,6,namesilo,,,
6dff86ab-44f6-4d30-9b74-12be12caa36c,piping.vet,available,41.99,41.99,medium,low,6,namesilo,,,10/09/2026 19:43
16c0992f-955a-4b1b-a7ff-bc962614ea56,unwritten.vet,available,41.99,41.99,high,low,9,namesilo,,,04/09/2026 17:17
e7823513-d2d0-45d0-9138-d2119544e081,soccer.vet,available,41.99,41.99,high,low,6,namesilo,,,
35ad3f89-9252-403c-b8a2-2fc89d3d1502,vaginal.vet,available,41.99,41.99,medium,low,7,namesilo,,,13/09/2026 00:49
e75bbe3a-6485-4910-9ac2-bb1aa6ff3ec2,bawling.vet,available,41.99,41.99,medium,low,7,namesilo,,,13/09/2026 07:42
3d375b23-38b4-45a3-88b5-3de990fd6feb,minus.vet,available,41.99,41.99,medium,low,5,namesilo,,,25/08/2026 00:55
c7777a7e-79ee-4f82-9455-248e08025e52,laterally.vet,available,41.99,41.99,medium,low,9,namesilo,,,15/09/2026 10:56
4a63c943-a15b-44b0-92af-16498e75b721,let.vet,premium,78.54,78.54,high,low,3,namesilo,,,
68b75da6-8c1c-4b74-9bba-69625b90d9e8,supported.vet,available,69.99,69.99,high,low,9,godaddy,,,28/09/2026 02:01
6a82efab-98bb-4a42-91b6-4fcccfaa3924,eolotropic.vet,available,,,medium,low,10,,,,
498f8809-407f-4fa4-8947-f79b992c56b6,marius.vet,available,41.99,41.99,high,low,6,namesilo,,,28/09/2026 03:53
29e770a2-19a0-48ae-a59c-4e16bf6efc2f,arbour.vet,available,41.99,41.99,medium,low,6,namesilo,,,20/09/2026 00:58
7b6312dc-124e-4854-ac66-6d22b9877beb,irony.vet,available,41.99,41.99,high,low,5,namesilo,,,24/09/2026 13:17
8f9505a6-59b0-424b-b8bd-a6038944d69b,erectile.vet,available,41.99,41.99,medium,low,8,namesilo,,,17/08/2026 12:07
8d005a5d-dde9-4bc3-88cf-941dafbe64cf,gears.vet,available,50.99,,medium,low,5,name.com,,,
ef6da9a1-5e8c-476b-b110-2ecf08574205,ways.vet,available,41.99,41.99,high,low,4,namesilo,,,
9af7031f-918e-4c25-b14a-e6a1315ac46a,priestly.vet,available,41.99,41.99,medium,low,8,namesilo,,,21/08/2026 08:22
e3db6042-dc78-4f02-a4f1-91d68583e287,production.vet,available,43.98,52.98,high,low,10,namecheap,,,19/09/2026 18:56
4657667d-36cc-4bd2-92fc-6191b31b66eb,mahoe.vet,available,41.99,41.99,medium,low,5,namesilo,,,21/09/2026 21:57
a9342001-9037-4eb4-9964-a88c8d89c5d4,cows.vet,available,50.99,,high,low,4,name.com,,,
730c4f31-2f78-4c5a-b6fc-4996df832581,speakers.vet,available,41.99,41.99,high,low,8,namesilo,,,18/09/2026 11:01
7c122b56-e830-4810-8354-f462d41306e0,tiger.vet,available,41.99,41.99,high,medium,5,namesilo,,,25/09/2026 09:46
1e05f61f-5453-498f-9556-9a9c3fb1f4a0,calculation.vet,available,41.99,41.99,high,low,11,namesilo,,,25/09/2026 04:46
36dbcfb3-b7cc-4837-9273-63a82a4dda2d,represent.vet,available,41.99,41.99,high,low,9,namesilo,,,
b708aad9-931c-4396-b622-2aee537c9ff6,sudden.vet,available,69.99,69.99,high,low,6,godaddy,,,28/09/2026 01:51
8b99eb45-7e9b-4fa8-a23d-ccd8e818750d,amsonia.vet,available,43.98,52.98,medium,low,7,namecheap,,,19/09/2026 00:00
cb8eea0b-2841-4cda-b796-25e1fe279a55,temptable.vet,available,41.99,41.99,medium,low,9,namesilo,,,11/09/2026 11:04
cbdc5695-1f92-4149-b7e8-7d835f2c8c03,anomia.vet,available,41.99,41.99,medium,low,6,namesilo,,,18/09/2026 22:21
13f96aaf-cf08-4463-ba96-898005f39fee,phocine.vet,available,43.98,52.98,medium,low,7,namecheap,,,08/09/2026 18:58
611c3904-b37c-47b1-a623-9bb2cec91c43,banns.vet,available,43.98,52.98,medium,low,5,namecheap,,,22/09/2026 02:56
b6715ceb-06a1-423f-8d04-e69eb6bc21b7,joanna.vet,available,41.99,41.99,high,low,6,namesilo,,,25/09/2026 11:35
b1001bc5-2d1b-4888-84a9-a27e2863a0f5,maniacal.vet,available,41.99,41.99,medium,low,8,namesilo,,,24/08/2026 14:55
455a9582-9182-4084-9202-b429e2a15edd,exilic.vet,available,41.99,41.99,medium,low,6,namesilo,,,17/08/2026 17:19
c40c79a4-b422-47a2-85c0-7c164ef5d2e3,risks.vet,available,41.99,41.99,medium,low,5,namesilo,,,20/09/2026 06:40
cc4162b0-c40a-44c2-b3cc-0a3e04a21bba,fireball.vet,available,41.99,41.99,high,low,8,namesilo,,,21/09/2026 22:35
1856da08-8563-446a-b90e-1767e8a14307,nicaraguan.vet,available,41.99,41.99,medium,low,10,namesilo,,,03/09/2026 17:03
0822b1a6-bf5c-43e7-b4da-b7d61c6a8f7a,redstart.vet,available,,,high,low,8,,,,18/09/2026 20:37
9b4432a0-f6a1-42f3-8302-118d43dc5468,recovered.vet,available,41.99,41.99,high,low,9,namesilo,,,13/08/2026 11:06
2e042ccd-7cf4-4284-aa86-d2727b7b08ba,workaday.vet,available,41.99,41.99,medium,low,8,namesilo,,,17/08/2026 14:58
a77a7355-a0e6-467d-8afe-583def5aca5e,nth.vet,available,41.99,41.99,medium,low,3,namesilo,,,03/09/2026 12:35
d7537934-2a6d-4129-9b68-229df8f458ff,beijing.vet,premium,118.8,118.8,high,low,7,namesilo,,,23/09/2026 04:10
f51e64b9-b5c8-4db2-b79c-61f9f57c67ec,granville.vet,available,43.98,52.98,medium,low,9,namecheap,,,27/09/2026 01:40
c52cc29e-cfa8-4480-9afd-cca622d8c625,bleeding.vet,available,41.99,41.99,high,low,8,namesilo,,,24/09/2026 05:28
02dcfc70-5e8c-4d16-b827-6fbb4faf06b2,hydrous.vet,available,41.99,41.99,medium,low,7,namesilo,,,21/08/2026 16:14
cc347993-e050-4982-ace4-324a91f24bc1,disgusting.vet,available,41.99,41.99,medium,low,10,namesilo,,,14/08/2026 10:32
deec4b3c-204b-4d3b-b28c-98e09252f3bd,allopathic.vet,available,41.99,41.99,medium,low,10,namesilo,,,
b8419481-139f-4996-a546-c21ea8707401,weirdo.vet,available,41.99,41.99,medium,low,6,namesilo,,,13/08/2026 05:38
0edf3e39-6aba-491c-a610-1592143bc3fc,fixation.vet,available,41.99,41.99,high,low,8,namesilo,,,20/09/2026 09:06
cf0ca58d-6f17-4a85-b1a7-c178f07ec88c,assertive.vet,available,41.99,41.99,medium,low,9,namesilo,,,07/08/2026 05:59
b3afe720-b9bd-40ad-9f94-2900229db0f3,titulary.vet,available,41.99,41.99,medium,low,8,namesilo,,,11/09/2026 16:34
a8c38dcc-63ba-4b7d-8320-c5ef50988c1b,detention.vet,available,41.99,41.99,medium,low,9,namesilo,,,27/09/2026 12:53
6077754c-7276-4520-80f7-e01ec11867ce,harsh.vet,available,41.99,41.99,medium,low,5,namesilo,,,12/08/2026 13:58
1eb99584-0f5e-4796-a7a3-c4dc4eaabe16,finest.vet,available,43.98,52.98,high,low,6,namecheap,,,25/09/2026 18:42
4b6ef4cb-df9a-410c-a826-86df4fff5946,backspace.vet,available,41.99,41.99,high,low,9,namesilo,,,21/09/2026 16:01
822fc6aa-e275-4cc1-86c8-d584962222fd,pray.vet,available,41.99,41.99,high,low,4,namesilo,,,
ac715cbb-0c04-4b79-bd09-9126ec429e76,idealistic.vet,available,41.99,41.99,high,low,10,namesilo,,,17/08/2026 15:48
a6bb16bf-b84f-4845-94b5-975132467687,diluted.vet,available,41.99,41.99,medium,low,7,namesilo,,,14/08/2026 07:45
516c8109-313c-4f51-b005-030e6af8f18f,dreyfus.vet,available,41.99,41.99,medium,low,7,namesilo,,,18/09/2026 06:30
76893607-8993-48a9-805c-10eb76ce2acf,days.vet,available,50.99,,high,low,4,name.com,,,
e4de95e4-963a-47dd-8120-5953a0167a47,princely.vet,available,41.99,41.99,high,low,8,namesilo,,,14/08/2026 01:00
8ddb3412-3dd9-40e9-adb7-476b67777279,biff.vet,available,41.99,41.99,medium,low,4,namesilo,,,23/09/2026 13:51
dbbb2083-8de3-475c-84bf-cc9f61605a22,bayard.vet,available,43.98,52.98,medium,low,6,namecheap,,,22/09/2026 17:54
6489d9df-5ac2-4406-b38d-166e144fee55,kechua.vet,available,41.99,41.99,medium,low,6,namesilo,,,22/08/2026 15:23
83bf083e-175a-4243-b4e4-43e0ebd43827,legitimize.vet,available,41.99,41.99,high,low,10,namesilo,,,04/09/2026 05:07
def41f3c-3776-4ade-b2b9-b19e3c77cf67,inimitable.vet,available,41.99,41.99,high,low,10,namesilo,,,22/08/2026 05:23
eb38e0f1-1d4b-4e81-ae12-ae0845ea7f2c,asimov.vet,available,41.99,41.99,high,low,6,namesilo,,,20/09/2026 14:15
70336aaa-cbc0-45a6-841c-5a6adaca42da,allergenic.vet,available,41.99,41.99,medium,low,10,namesilo,,,
63910a3f-2220-48be-8dd3-d4f1bdbd6eca,maxim.vet,available,41.99,41.99,high,low,5,namesilo,,,
8777b3ac-5334-4a43-a441-95f89cd0b7d2,lii.vet,available,41.99,41.99,medium,low,3,namesilo,,,
fc8d5f9f-7b77-4106-8e38-b8b79548f8de,outlawed.vet,available,41.99,41.99,medium,low,8,namesilo,,,21/08/2026 19:52
ba7e666c-b72f-4f62-b010-d29bf077cef9,avo.vet,available,41.99,41.99,high,low,3,namesilo,,,21/09/2026 09:36
6bc99054-bf9b-4401-bbea-6168014e2e6f,automotive.vet,available,41.99,41.99,high,low,10,namesilo,,,22/09/2026 14:07
b7b48294-5b0f-4657-9b72-9b689ec009cc,expire.vet,available,50.99,,medium,low,6,name.com,,,
f4011918-1dd3-4342-9d37-6cf05d013507,boringly.vet,available,41.99,41.99,medium,low,8,namesilo,,,14/09/2026 01:08
5e52797b-57d5-4371-8de4-ec03d4ded63f,doable.vet,available,41.99,41.99,high,low,6,namesilo,,,21/09/2026 15:46
9a52f269-cfa7-485d-bc12-c973ed46a21e,heliacal.vet,available,41.99,41.99,medium,low,8,namesilo,,,21/08/2026 06:23
3dcb8c4c-084c-4900-a3df-63075e9a1dd4,bremen.vet,available,41.99,41.99,high,low,6,namesilo,,,25/09/2026 21:59
2c7d894e-a832-45f7-bd58-0e5fd1026b1f,antidote.vet,available,41.99,41.99,high,low,8,namesilo,,,19/09/2026 14:20
bd88b358-3d4c-47f9-8330-938b50f5065b,leery.vet,available,41.99,41.99,medium,low,5,namesilo,,,22/08/2026 22:26
b93e3d17-1bc0-4b6a-a5fd-b54e2dd3ea7c,disappointment.vet,available,41.99,41.99,medium,low,14,namesilo,,,
99365b63-3f46-4485-aca1-81da366e36d5,unlocked.vet,available,41.99,41.99,high,low,8,namesilo,,,12/09/2026 01:39
01dabd6c-9ae8-413f-b0df-d36d5be026ad,consulate.vet,available,43.98,52.98,high,low,9,namecheap,,,24/09/2026 17:37
b5c21640-b711-4197-906e-1300530c316f,outlandish.vet,available,41.99,41.99,medium,low,10,namesilo,,,10/08/2026 10:37
37d0d3b7-bf51-427c-a6a3-de266aad110a,atomism.vet,available,41.99,41.99,medium,low,7,namesilo,,,21/09/2026 00:24
e5d00bb3-cf26-46dd-bbf2-ba2112c8aeef,mckinley.vet,available,43.98,52.98,high,low,8,namecheap,,,25/09/2026 04:51
706238bc-6958-480b-9a92-e745207151de,scourge.vet,available,41.99,41.99,medium,low,7,namesilo,,,18/08/2026 06:16
21db6787-8551-4107-aaa9-4800f8fa2c4c,preserve.vet,available,41.99,41.99,high,low,8,namesilo,,,24/09/2026 17:28
59bc29d6-e0c5-4d1d-aef5-d29fa10e8b45,breakable.vet,available,41.99,41.99,medium,low,9,namesilo,,,11/08/2026 02:59
8ecefc91-89e4-4dc1-97dd-eb6424ba05f4,wayfaring.vet,available,41.99,41.99,medium,low,9,namesilo,,,13/09/2026 08:47
4f1d36ec-21bb-40bf-9ae1-d7dab1db2eee,november.vet,available,41.99,41.99,high,low,8,namesilo,,,
057e0302-0125-44fc-aeef-4c1bf4900b69,iphone.vet,available,,,high,high,6,,,,
9c9f0a5a-f731-489e-9597-094ca63905f2,procedures.vet,available,41.99,41.99,medium,low,10,namesilo,,,18/09/2026 17:33
fe62f9f9-ba79-4bcb-b52f-03872e988a80,arulo.vet,available,43.98,52.98,medium,low,5,namecheap,,,20/09/2026 12:11
1cdc12d2-07e8-49d4-b6ee-3e89268c1ba2,typed.vet,available,43.98,52.98,high,low,5,namecheap,,,17/09/2026 22:44
f1cf9b7a-b956-431c-9a54-c682063b1c3a,unalarming.vet,available,41.99,41.99,medium,low,10,namesilo,,,12/09/2026 00:14
5a3ec68c-ea24-4a54-abb4-1162c9508144,pseudonym.vet,premium,1107,1107,high,low,9,namesilo,,,19/09/2026 11:33
d9345747-95bd-4e46-9136-0b021b6d8427,cuts.vet,available,41.99,41.99,high,low,4,namesilo,,,19/09/2026 00:14
376b1784-d510-4a40-b6d8-16d637aea141,resentful.vet,available,41.99,41.99,medium,low,9,namesilo,,,09/09/2026 14:48
c409380b-9ec3-427e-8888-4b2d670eaf58,fitzgerald.vet,available,41.99,41.99,high,low,10,namesilo,,,25/09/2026 05:15
c96e4fec-ce90-463c-a6e9-d6a41124f334,nuremberg.vet,available,41.99,41.99,medium,low,9,namesilo,,,25/09/2026 23:53
5563cb18-d83c-4e09-955f-3f335cd95d8f,mosey.vet,available,41.99,41.99,high,low,5,namesilo,,,18/09/2026 17:00
fbddf8aa-d702-4ab5-a952-05624d105302,teeming.vet,available,41.99,41.99,medium,low,7,namesilo,,,11/09/2026 10:05
98cbebe7-2965-4e8a-9af4-69080d69b5d9,haynes.vet,available,41.99,41.99,medium,low,6,namesilo,,,27/09/2026 01:55
382e165c-a7a5-429c-af24-2ac134b31bae,alkane.vet,available,41.99,41.99,medium,low,6,namesilo,,,18/09/2026 08:24
8af0b8f2-57fe-4b18-957b-1776c7aca6e3,vindicated.vet,available,41.99,41.99,high,low,10,namesilo,,,08/09/2026 05:23
e087e5f3-67ec-4aa8-b8ca-a82b0912b235,squint.vet,available,41.99,41.99,medium,low,6,namesilo,,,07/08/2026 03:15
71a1f5ac-3e2c-4a85-b76a-047d32354f11,dully.vet,available,41.99,41.99,low,low,5,namesilo,,,14/09/2026 14:43
bb4308e8-e98a-4f2a-b997-5ed85a9d93da,multilevel.vet,available,41.99,41.99,medium,low,10,namesilo,,,03/09/2026 10:46
16ace19d-0413-44b8-ba9c-10e60c1990a3,fought.vet,available,41.99,41.99,medium,low,6,namesilo,,,
5dac5fe8-8a60-4770-91e3-f522c6f45e62,subsidized.vet,available,41.99,41.99,medium,low,10,namesilo,,,11/09/2026 00:46
faef8495-e68b-4a03-8c6a-dba240e8de7a,acquitted.vet,available,43.98,52.98,medium,low,9,namecheap,,,
2a54076a-b0bd-428b-b80c-6e8dbd11018e,sofa.vet,available,43.98,52.98,high,low,4,namecheap,,,24/09/2026 18:34
889cdfc3-0ada-4b74-8a4e-f3864da91e4a,lan.vet,available,41.99,41.99,high,low,3,namesilo,,,
8e09a66f-2c81-4177-a9b8-0f35c84a30b9,trigon.vet,available,41.99,41.99,high,low,6,namesilo,,,11/09/2026 19:46
6a5e4988-bdb2-4436-9e05-7513e45a39c7,unnumbered.vet,available,41.99,41.99,medium,low,10,namesilo,,,13/08/2026 03:46
f37e3c39-eb26-459d-ad27-f38a1384fbcb,bathos.vet,available,43.98,52.98,medium,low,6,namecheap,,,22/09/2026 13:49
68bfcb0a-6e53-4cd5-988a-84e14f1f35cd,footer.vet,available,41.99,41.99,high,low,6,namesilo,,,08/09/2026 12:38
a8cd1232-bbd6-4249-b61c-551559726bba,thug.vet,available,41.99,41.99,medium,low,4,namesilo,,,27/09/2026 08:15
fa93fd20-8a5c-46b3-a93d-9f778d694b8f,unflagging.vet,available,41.99,41.99,high,low,10,namesilo,,,22/08/2026 02:31
3d24b418-f7eb-4d1f-938f-025476822f5b,apocryphal.vet,available,41.99,41.99,medium,low,10,namesilo,,,06/08/2026 01:11
119e8cb1-8897-4876-8977-2ec6a3bb9135,edmond.vet,available,41.99,41.99,medium,low,6,namesilo,,,27/09/2026 01:39
daf2f88e-9f69-4ff8-ab3d-ce5852955bbe,goodly.vet,available,41.99,41.99,high,low,6,namesilo,,,20/08/2026 16:36
f35f52e1-96f8-4879-9708-45cc423dea04,snafu.vet,available,41.99,41.99,medium,low,5,namesilo,,,18/08/2026 17:20
b79e93eb-b8cd-4674-91d8-ec69c7fde383,banderilla.vet,available,41.99,41.99,medium,low,10,namesilo,,,22/09/2026 01:12
edef1e15-7baa-448c-a9ab-d44e94095ce9,reaction.vet,available,41.99,41.99,high,low,8,namesilo,,,24/09/2026 14:16
06b918e8-f2e2-4b78-ab46-9c1dc49473b9,urged.vet,available,41.99,41.99,medium,low,5,namesilo,,,19/09/2026 03:59
40631057-1f01-4bf5-87a4-7230738e9646,commented.vet,available,41.99,41.99,medium,low,9,namesilo,,,18/09/2026 23:19
a0e39465-fdc5-47a9-adc8-0dec00fa72ad,elfin.vet,available,41.99,41.99,high,low,5,namesilo,,,16/08/2026 03:37
97bd1cf4-6a66-4206-bf78-b6de4ad22007,overjoy.vet,available,41.99,41.99,high,low,7,namesilo,,,
4109bd39-2cf3-4587-a374-5c081bd48d1f,moderne.vet,available,41.99,41.99,medium,low,7,namesilo,,,25/08/2026 03:00
8cbb72e6-f5d5-47b4-b2aa-f3f6e88a77f2,friar.vet,available,43.98,52.98,medium,low,5,namecheap,,,24/08/2026 20:10
15032cd9-c5db-4900-a8c1-0125af0583d7,manzanita.vet,available,41.99,41.99,medium,low,9,namesilo,,,20/09/2026 01:04
9ab7bdbf-ce02-47a8-ae75-d8285d94b71c,church.vet,available,41.99,41.99,high,low,6,namesilo,,,
a2e81cfb-c3dc-49b2-bb41-2c44da68fed1,cortical.vet,available,41.99,41.99,medium,low,8,namesilo,,,13/08/2026 02:35
5922b103-6983-47de-bcf5-e94213c01c38,knowingly.vet,available,41.99,41.99,medium,low,9,namesilo,,,15/09/2026 10:35
ec995632-3a86-4304-aa1f-d8132d814229,hook.vet,available,41.99,41.99,high,low,4,namesilo,,,
08243e50-e411-4aae-8983-d7ac9d18690a,outdoors.vet,available,41.99,41.99,high,low,8,namesilo,,,21/09/2026 23:54
9404e5e1-79ee-449b-87c7-1e2cd76bde8e,bebop.vet,available,43.98,52.98,high,low,5,namecheap,,,22/09/2026 22:33
d4edbc07-0bd5-419a-824d-2691e45a2f6b,steep.vet,available,41.99,41.99,high,low,5,namesilo,,,17/08/2026 17:40
7efac599-7318-486d-8161-cbdf6285ba61,wooly.vet,available,41.99,41.99,high,low,5,namesilo,,,18/08/2026 08:45
da75f741-849a-426b-8485-b6b27c1bc774,eudaemonic.vet,available,41.99,41.99,medium,low,10,namesilo,,,17/08/2026 14:10
177163d2-4031-4fa7-9e2e-0529daa9919c,comforts.vet,available,43.98,52.98,high,low,8,namecheap,,,18/09/2026 18:50
bf906a39-afae-4f6f-baa5-5bcece60b7ed,toes.vet,available,43.98,52.98,medium,low,4,namecheap,,,17/09/2026 01:11
7b91ee2b-bf6e-48fb-8602-2c17b65bef20,capable.vet,available,43.98,52.98,high,low,7,namecheap,,,21/09/2026 18:33
e4fe83b1-7500-4195-9114-e4dbb15dcb4f,autonomy.vet,available,41.99,41.99,high,low,8,namesilo,,,21/09/2026 07:27
73baff18-fc06-449a-91ef-739e59551470,than.vet,available,50.99,,high,low,4,name.com,,,
76e96d6a-015b-482e-89bf-cf88fb396cca,satanic.vet,available,41.99,41.99,medium,low,7,namesilo,,,24/09/2026 05:47
1bb4ed91-ac5c-4579-903d-bf7c8414c068,names.vet,available,41.99,41.99,high,low,5,namesilo,,,25/09/2026 09:32
2df9e32c-254a-4ebf-a40b-583181e80b67,animus.vet,available,41.99,41.99,medium,low,6,namesilo,,,19/09/2026 09:22
9606d993-ab94-45b8-8c61-3e17324ac718,scented.vet,available,41.99,41.99,high,low,7,namesilo,,,27/09/2026 03:39
a9affd0a-e95f-4a1d-aa36-bd679e6c51af,ungroomed.vet,available,41.99,41.99,medium,low,9,namesilo,,,12/09/2026 11:34